timestamp,latitude,longitude,current_speed,free_flow_speed
2025-04-19 16:04:03.110031+00:00,30.911972,75.853222,40.0,46.0
2025-04-21 10:06:02.972664+00:00,30.816106,75.867321,42.0,53.0
2025-04-21 11:18:03.481904+00:00,30.816106,75.867321,38.0,53.0
2025-04-21 11:34:02.614893+00:00,30.911972,75.853222,36.0,47.0
2025-04-19 14:58:03.093216+00:00,30.911972,75.853222,36.0,47.0
2025-04-19 15:34:02.797691+00:00,30.816106,75.867321,43.0,53.0
2025-04-19 15:30:04.545500+00:00,30.816106,75.867321,42.0,54.0
2025-04-21 08:42:02.477116+00:00,30.816106,75.867321,40.0,54.0
2025-04-21 10:26:04.039037+00:00,30.911972,75.853222,47.0,47.0
2025-04-19 14:40:03.607963+00:00,30.911972,75.853222,33.0,47.0
2025-04-19 16:20:03.055533+00:00,30.816106,75.867321,41.0,54.0
2025-04-19 16:32:02.736672+00:00,30.816106,75.867321,43.0,53.0
2025-04-19 15:50:02.703961+00:00,30.816106,75.867321,47.0,53.0
2025-04-21 12:40:02.733617+00:00,30.816106,75.867321,39.0,53.0
2025-04-21 12:00:02.496205+00:00,30.816106,75.867321,40.0,53.0
2025-04-21 12:18:02.444959+00:00,30.887211,75.789814,30.0,37.0
2025-04-21 11:50:02.391195+00:00,30.816106,75.867321,44.0,54.0
2025-04-19 15:54:02.814492+00:00,30.816106,75.867321,46.0,53.0
2025-04-21 08:30:02.445457+00:00,30.887211,75.789814,30.0,38.0
2025-04-19 14:30:02.541135+00:00,30.816106,75.867321,40.0,54.0
2025-04-19 16:56:03.032157+00:00,30.887211,75.789814,37.0,37.0
2025-04-19 17:34:04.150312+00:00,30.911972,75.853222,47.0,47.0
2025-04-19 17:58:03.415439+00:00,30.816106,75.867321,53.0,53.0
2025-04-21 08:10:02.428016+00:00,30.816106,75.867321,39.0,53.0
2025-04-21 08:52:02.831128+00:00,30.911972,75.853222,38.0,47.0
2025-04-19 18:32:02.464201+00:00,30.816106,75.867321,53.0,53.0
2025-04-19 14:30:02.533051+00:00,30.816106,75.867321,40.0,54.0
2025-04-19 11:55:02.365845+00:00,30.911972,75.853222,39.0,47.0
2025-04-19 16:44:02.979630+00:00,30.887211,75.789814,37.0,37.0
2025-04-21 09:24:03.347675+00:00,30.816106,75.867321,42.0,53.0
2025-04-21 12:50:03.013816+00:00,30.887211,75.789814,28.0,36.0
2025-04-19 17:44:03.087837+00:00,30.887211,75.789814,37.0,37.0
2025-04-21 08:12:02.555990+00:00,30.816106,75.867321,39.0,54.0
2025-04-21 08:10:02.420568+00:00,30.816106,75.867321,39.0,53.0
2025-04-19 17:10:05.562173+00:00,30.887211,75.789814,37.0,37.0
2025-04-19 14:14:02.546049+00:00,30.911972,75.853222,36.0,46.0
2025-04-19 18:24:03.569335+00:00,30.887211,75.789814,37.0,37.0
2025-04-21 12:42:03.776785+00:00,30.887211,75.789814,37.0,37.0
2025-04-21 08:04:03.831779+00:00,30.816106,75.867321,40.0,53.0
2025-04-21 12:44:03.971695+00:00,30.887211,75.789814,31.0,36.0
2025-04-21 08:56:03.558277+00:00,30.887211,75.789814,28.0,38.0
2025-04-19 17:16:04.867492+00:00,30.911972,75.853222,47.0,47.0
2025-04-21 09:58:03.963640+00:00,30.887211,75.789814,37.0,37.0
2025-04-19 12:17:09.828246+00:00,30.887211,75.789814,37.0,37.0
2025-04-19 15:12:19.980485+00:00,30.911972,75.853222,38.0,47.0
2025-04-21 08:28:02.669880+00:00,30.887211,75.789814,31.0,37.0
2025-04-21 11:06:08.314864+00:00,30.911972,75.853222,47.0,47.0
2025-04-19 17:48:04.291231+00:00,30.816106,75.867321,53.0,53.0
2025-04-21 09:40:03.647388+00:00,30.816106,75.867321,39.0,53.0
2025-04-19 16:34:03.368069+00:00,30.816106,75.867321,42.0,53.0
2025-04-21 12:12:02.552663+00:00,30.816106,75.867321,39.0,53.0
2025-04-19 14:20:03.499979+00:00,30.816106,75.867321,38.0,53.0
2025-04-21 09:42:07.466701+00:00,30.816106,75.867321,40.0,53.0
2025-04-19 18:16:03.793341+00:00,30.816106,75.867321,53.0,53.0
2025-04-19 18:10:05.279428+00:00,30.911972,75.853222,47.0,47.0
2025-04-19 10:55:04.089579+00:00,30.911972,75.853222,47.0,47.0
2025-04-19 16:08:03.023958+00:00,30.816106,75.867321,45.0,53.0
2025-04-21 11:04:02.867343+00:00,30.816106,75.867321,38.0,53.0
2025-04-21 08:48:03.702468+00:00,30.816106,75.867321,38.0,54.0
2025-04-21 10:34:02.840112+00:00,30.911972,75.853222,47.0,47.0
2025-04-19 16:28:02.996062+00:00,30.816106,75.867321,43.0,53.0
2025-04-19 15:18:05.366450+00:00,30.816106,75.867321,43.0,53.0
2025-04-19 14:32:02.359465+00:00,30.911972,75.853222,32.0,47.0
2025-04-19 16:04:03.120054+00:00,30.887211,75.789814,37.0,37.0
2025-04-21 08:44:02.649728+00:00,30.911972,75.853222,40.0,46.0
2025-04-21 12:16:02.520329+00:00,30.887211,75.789814,30.0,37.0
2025-04-21 08:20:02.583580+00:00,30.911972,75.853222,41.0,47.0
2025-04-19 14:56:04.299655+00:00,30.816106,75.867321,42.0,54.0
2025-04-19 17:20:04.060383+00:00,30.887211,75.789814,37.0,37.0
2025-04-21 11:52:02.454450+00:00,30.887211,75.789814,31.0,37.0
2025-04-21 08:01:48.601263+00:00,30.816106,75.867321,39.0,53.0
2025-04-19 18:00:03.152258+00:00,30.816106,75.867321,53.0,53.0
2025-04-21 10:06:02.984259+00:00,30.816106,75.867321,42.0,53.0
2025-04-21 08:46:02.969711+00:00,30.911972,75.853222,40.0,46.0
2025-04-19 18:30:02.513698+00:00,30.816106,75.867321,53.0,53.0
2025-04-19 11:49:26.234516+00:00,30.887211,75.789814,37.0,37.0
2025-04-21 10:52:02.812075+00:00,30.816106,75.867321,41.0,54.0
2025-04-21 11:48:02.568942+00:00,30.816106,75.867321,44.0,53.0
2025-04-21 10:10:02.905226+00:00,30.911972,75.853222,35.0,46.0
2025-04-19 14:54:03.896414+00:00,30.887211,75.789814,37.0,37.0
2025-04-19 17:06:02.895031+00:00,30.816106,75.867321,53.0,53.0
2025-04-21 12:16:02.503221+00:00,30.816106,75.867321,38.0,54.0
2025-04-21 12:02:02.287952+00:00,30.887211,75.789814,37.0,37.0
2025-04-21 11:54:03.171879+00:00,30.887211,75.789814,31.0,36.0
2025-04-19 14:42:02.817172+00:00,30.816106,75.867321,42.0,53.0
2025-04-21 09:12:02.593070+00:00,30.816106,75.867321,43.0,53.0
2025-04-19 13:46:02.882662+00:00,30.911972,75.853222,34.0,47.0
2025-04-21 09:18:06.108713+00:00,30.911972,75.853222,47.0,47.0
2025-04-21 10:20:03.291057+00:00,30.816106,75.867321,40.0,54.0
2025-04-19 17:54:04.582177+00:00,30.816106,75.867321,53.0,53.0
2025-04-21 08:01:52.014893+00:00,30.816106,75.867321,39.0,53.0
2025-04-21 11:30:02.683826+00:00,30.911972,75.853222,35.0,46.0
2025-04-19 18:38:02.468177+00:00,30.816106,75.867321,53.0,53.0
2025-04-21 10:24:03.240620+00:00,30.816106,75.867321,41.0,54.0
2025-04-19 15:00:04.258180+00:00,30.887211,75.789814,31.0,37.0
2025-04-19 14:12:02.394365+00:00,30.816106,75.867321,36.0,53.0
2025-04-21 10:52:02.802074+00:00,30.816106,75.867321,41.0,54.0
2025-04-19 16:52:03.209882+00:00,30.887211,75.789814,37.0,37.0
2025-04-19 13:00:02.855291+00:00,30.887211,75.789814,29.0,37.0
2025-04-19 15:04:04.257650+00:00,30.911972,75.853222,36.0,47.0
2025-04-19 16:46:03.159700+00:00,30.816106,75.867321,48.0,54.0
2025-04-21 11:42:02.666412+00:00,30.816106,75.867321,43.0,54.0
2025-04-21 08:24:02.601255+00:00,30.816106,75.867321,42.0,54.0
2025-04-21 12:12:02.559652+00:00,30.911972,75.853222,39.0,46.0
2025-04-19 15:22:05.807500+00:00,30.887211,75.789814,37.0,37.0
2025-04-21 10:22:03.893053+00:00,30.816106,75.867321,40.0,53.0
2025-04-19 14:16:02.965062+00:00,30.887211,75.789814,29.0,38.0
2025-04-19 11:55:02.369652+00:00,30.816106,75.867321,41.0,54.0
2025-04-21 08:06:02.625123+00:00,30.816106,75.867321,40.0,53.0
2025-04-19 11:49:22.825728+00:00,30.911972,75.853222,40.0,47.0
2025-04-19 13:58:02.600898+00:00,30.816106,75.867321,39.0,54.0
2025-04-19 15:44:03.043779+00:00,30.816106,75.867321,46.0,53.0
2025-04-21 11:48:02.564918+00:00,30.911972,75.853222,37.0,47.0
2025-04-19 18:26:04.430986+00:00,30.816106,75.867321,53.0,53.0
2025-04-19 15:40:02.734270+00:00,30.816106,75.867321,47.0,54.0
2025-04-19 17:40:04.148978+00:00,30.911972,75.853222,47.0,47.0
2025-04-19 15:32:03.025040+00:00,30.887211,75.789814,29.0,37.0
2025-04-19 16:20:03.058881+00:00,30.911972,75.853222,43.0,47.0
2025-04-21 12:30:03.418968+00:00,30.887211,75.789814,30.0,36.0
2025-04-19 13:05:08.298427+00:00,30.911972,75.853222,39.0,47.0
2025-04-21 12:16:02.516161+00:00,30.816106,75.867321,38.0,54.0
2025-04-19 16:46:03.148714+00:00,30.911972,75.853222,47.0,47.0
2025-04-19 14:58:03.085962+00:00,30.816106,75.867321,43.0,54.0
2025-04-21 12:10:02.930134+00:00,30.816106,75.867321,40.0,54.0
2025-04-19 18:02:03.002670+00:00,30.816106,75.867321,53.0,53.0
2025-04-19 17:38:02.923000+00:00,30.816106,75.867321,53.0,53.0
2025-04-19 17:56:04.812721+00:00,30.887211,75.789814,37.0,37.0
2025-04-19 14:42:02.838664+00:00,30.816106,75.867321,42.0,53.0
2025-04-19 15:00:04.242860+00:00,30.911972,75.853222,36.0,47.0
2025-04-21 10:04:02.704898+00:00,30.887211,75.789814,37.0,37.0
2025-04-21 10:12:02.812821+00:00,30.816106,75.867321,40.0,53.0
2025-04-19 17:08:03.183852+00:00,30.816106,75.867321,53.0,53.0
2025-04-19 15:28:03.786212+00:00,30.911972,75.853222,37.0,47.0
2025-04-21 10:10:02.898898+00:00,30.816106,75.867321,42.0,53.0
2025-04-19 17:54:04.590623+00:00,30.887211,75.789814,37.0,37.0
2025-04-19 18:04:04.816503+00:00,30.816106,75.867321,53.0,53.0
2025-04-19 13:58:02.607891+00:00,30.911972,75.853222,35.0,47.0
2025-04-21 11:28:02.438508+00:00,30.816106,75.867321,38.0,53.0
2025-04-21 10:06:02.988258+00:00,30.887211,75.789814,37.0,37.0
2025-04-19 18:36:02.397489+00:00,30.887211,75.789814,37.0,37.0
2025-04-21 12:06:02.401775+00:00,30.911972,75.853222,39.0,47.0
2025-04-19 16:58:04.112912+00:00,30.911972,75.853222,47.0,47.0
2025-04-21 11:28:02.442522+00:00,30.887211,75.789814,37.0,37.0
2025-04-19 14:08:02.387559+00:00,30.816106,75.867321,37.0,53.0
2025-04-19 16:18:03.130824+00:00,30.911972,75.853222,43.0,47.0
2025-04-19 14:46:02.818022+00:00,30.816106,75.867321,41.0,53.0
2025-04-21 11:42:02.686685+00:00,30.816106,75.867321,43.0,54.0
2025-04-21 12:38:05.318630+00:00,30.887211,75.789814,31.0,36.0
2025-04-19 18:38:02.461041+00:00,30.816106,75.867321,53.0,53.0
2025-04-19 17:56:04.773571+00:00,30.816106,75.867321,53.0,53.0
2025-04-21 10:30:02.733620+00:00,30.887211,75.789814,37.0,37.0
2025-04-19 11:49:28.638459+00:00,30.887211,75.789814,37.0,37.0
2025-04-21 11:24:04.274338+00:00,30.816106,75.867321,38.0,53.0
2025-04-21 10:12:02.825812+00:00,30.816106,75.867321,40.0,53.0
2025-04-19 17:22:03.487591+00:00,30.887211,75.789814,37.0,37.0
2025-04-21 11:12:04.920234+00:00,30.887211,75.789814,37.0,37.0
2025-04-21 09:32:03.122565+00:00,30.911972,75.853222,40.0,47.0
2025-04-21 09:10:02.731726+00:00,30.816106,75.867321,42.0,53.0
2025-04-21 12:06:02.393893+00:00,30.816106,75.867321,41.0,53.0
2025-04-19 18:36:02.394770+00:00,30.816106,75.867321,53.0,53.0
2025-04-19 15:28:03.779623+00:00,30.816106,75.867321,43.0,54.0
2025-04-21 09:10:02.719009+00:00,30.816106,75.867321,42.0,53.0
2025-04-21 11:00:03.805223+00:00,30.887211,75.789814,37.0,37.0
2025-04-19 18:10:05.264135+00:00,30.816106,75.867321,53.0,53.0
2025-04-21 09:42:07.476699+00:00,30.887211,75.789814,37.0,37.0
2025-04-19 17:26:04.288273+00:00,30.816106,75.867321,53.0,53.0
2025-04-21 11:30:02.665154+00:00,30.816106,75.867321,38.0,53.0
2025-04-21 09:38:03.552838+00:00,30.911972,75.853222,39.0,46.0
2025-04-19 15:08:04.397003+00:00,30.816106,75.867321,41.0,53.0
2025-04-19 17:22:03.481576+00:00,30.816106,75.867321,53.0,53.0
2025-04-19 15:32:02.993572+00:00,30.816106,75.867321,43.0,53.0
2025-04-21 08:14:02.493210+00:00,30.816106,75.867321,40.0,53.0
2025-04-21 09:14:02.698284+00:00,30.887211,75.789814,31.0,37.0
2025-04-21 10:54:03.188924+00:00,30.816106,75.867321,42.0,54.0
2025-04-19 18:30:02.518856+00:00,30.816106,75.867321,53.0,53.0
2025-04-21 11:24:04.277870+00:00,30.887211,75.789814,37.0,37.0
2025-04-19 13:44:03.041152+00:00,30.887211,75.789814,27.0,37.0
2025-04-19 13:48:02.920365+00:00,30.911972,75.853222,35.0,46.0
2025-04-19 11:00:04.327924+00:00,30.911972,75.853222,47.0,47.0
2025-04-21 10:26:04.047532+00:00,30.816106,75.867321,42.0,53.0
2025-04-19 13:30:09.176253+00:00,30.911972,75.853222,34.0,46.0
2025-04-21 11:50:02.394412+00:00,30.887211,75.789814,37.0,37.0
2025-04-21 12:50:03.001808+00:00,30.816106,75.867321,38.0,53.0
2025-04-21 11:20:03.526389+00:00,30.816106,75.867321,38.0,53.0
2025-04-19 16:38:04.644362+00:00,30.816106,75.867321,42.0,53.0
2025-04-21 10:50:02.430678+00:00,30.816106,75.867321,41.0,53.0
2025-04-19 16:22:04.735743+00:00,30.887211,75.789814,31.0,36.0
2025-04-19 15:04:04.264080+00:00,30.816106,75.867321,44.0,53.0
2025-04-19 15:24:03.355379+00:00,30.911972,75.853222,37.0,47.0
2025-04-21 09:56:03.544737+00:00,30.816106,75.867321,41.0,53.0
2025-04-19 18:06:03.499403+00:00,30.816106,75.867321,53.0,53.0
2025-04-21 09:06:02.499110+00:00,30.816106,75.867321,41.0,54.0
2025-04-19 14:20:03.495607+00:00,30.911972,75.853222,32.0,46.0
2025-04-19 17:14:02.906590+00:00,30.816106,75.867321,53.0,53.0
2025-04-19 18:08:06.838945+00:00,30.887211,75.789814,37.0,37.0
2025-04-21 10:18:03.055986+00:00,30.887211,75.789814,37.0,37.0
2025-04-19 12:17:09.818912+00:00,30.911972,75.853222,38.0,46.0
2025-04-19 12:50:03.709343+00:00,30.816106,75.867321,38.0,53.0
2025-04-21 12:24:02.659433+00:00,30.911972,75.853222,36.0,47.0
2025-04-21 10:00:02.845550+00:00,30.887211,75.789814,37.0,37.0
2025-04-19 16:26:02.945532+00:00,30.816106,75.867321,44.0,53.0
2025-04-21 09:34:03.622099+00:00,30.816106,75.867321,41.0,54.0
2025-04-19 15:08:04.403003+00:00,30.887211,75.789814,37.0,37.0
2025-04-19 13:28:03.928489+00:00,30.816106,75.867321,43.0,54.0
2025-04-21 12:02:02.271173+00:00,30.816106,75.867321,39.0,53.0
2025-04-19 14:02:02.345625+00:00,30.911972,75.853222,36.0,46.0
2025-04-19 18:42:02.691504+00:00,30.887211,75.789814,37.0,37.0
2025-04-19 15:52:03.007812+00:00,30.816106,75.867321,46.0,53.0
2025-04-21 08:14:02.502109+00:00,30.816106,75.867321,40.0,53.0
2025-04-21 11:26:02.698270+00:00,30.887211,75.789814,37.0,37.0
2025-04-19 17:14:02.916976+00:00,30.887211,75.789814,37.0,37.0
2025-04-21 09:40:03.658539+00:00,30.911972,75.853222,39.0,47.0
2025-04-21 08:38:02.728714+00:00,30.911972,75.853222,41.0,47.0
2025-04-21 11:16:06.216563+00:00,30.816106,75.867321,39.0,53.0
2025-04-19 13:32:04.162864+00:00,30.816106,75.867321,43.0,53.0
2025-04-19 14:40:03.612520+00:00,30.816106,75.867321,41.0,54.0
2025-04-19 18:12:03.625016+00:00,30.816106,75.867321,53.0,53.0
2025-04-19 13:42:03.406775+00:00,30.816106,75.867321,37.0,54.0
2025-04-19 16:52:03.188701+00:00,30.911972,75.853222,47.0,47.0
2025-04-19 17:06:02.883933+00:00,30.911972,75.853222,47.0,47.0
2025-04-19 13:46:02.848655+00:00,30.816106,75.867321,37.0,54.0
2025-04-19 14:42:02.849076+00:00,30.887211,75.789814,28.0,37.0
2025-04-19 17:10:05.529171+00:00,30.816106,75.867321,53.0,53.0
2025-04-19 18:24:03.556463+00:00,30.816106,75.867321,53.0,53.0
2025-04-19 11:49:22.818277+00:00,30.816106,75.867321,40.0,53.0
2025-04-19 14:08:02.397762+00:00,30.816106,75.867321,37.0,53.0
2025-04-19 13:30:09.182559+00:00,30.816106,75.867321,43.0,53.0
2025-04-21 09:26:03.485903+00:00,30.887211,75.789814,37.0,37.0
2025-04-19 14:26:03.480367+00:00,30.887211,75.789814,28.0,37.0
2025-04-19 14:12:02.404905+00:00,30.887211,75.789814,28.0,37.0
2025-04-19 18:36:02.388425+00:00,30.816106,75.867321,53.0,53.0
2025-04-19 16:32:02.756275+00:00,30.816106,75.867321,43.0,53.0
2025-04-19 15:36:04.363469+00:00,30.887211,75.789814,29.0,37.0
2025-04-19 15:58:03.303651+00:00,30.911972,75.853222,41.0,46.0
2025-04-19 13:40:03.073116+00:00,30.816106,75.867321,39.0,54.0
2025-04-19 17:20:04.047225+00:00,30.816106,75.867321,53.0,53.0
2025-04-19 15:20:04.564442+00:00,30.816106,75.867321,42.0,54.0
2025-04-19 16:14:03.002077+00:00,30.816106,75.867321,44.0,53.0
2025-04-19 16:42:02.986845+00:00,30.816106,75.867321,46.0,54.0
2025-04-21 10:02:02.886794+00:00,30.887211,75.789814,37.0,37.0
2025-04-19 13:35:05.572797+00:00,30.887211,75.789814,29.0,37.0
2025-04-19 13:30:04.151622+00:00,30.887211,75.789814,32.0,37.0
2025-04-19 16:36:03.416487+00:00,30.816106,75.867321,42.0,53.0
2025-04-21 12:06:02.405864+00:00,30.816106,75.867321,41.0,53.0
2025-04-19 16:04:03.116028+00:00,30.816106,75.867321,46.0,53.0
2025-04-21 08:36:02.695092+00:00,30.816106,75.867321,41.0,54.0
2025-04-19 16:42:03.011565+00:00,30.887211,75.789814,37.0,37.0
2025-04-19 13:00:02.838267+00:00,30.816106,75.867321,41.0,53.0
2025-04-21 08:24:02.598116+00:00,30.911972,75.853222,40.0,46.0
2025-04-21 12:20:02.269962+00:00,30.911972,75.853222,38.0,47.0
2025-04-21 08:36:02.699939+00:00,30.911972,75.853222,41.0,47.0
2025-04-21 08:58:02.713154+00:00,30.911972,75.853222,38.0,47.0
2025-04-19 16:10:02.739637+00:00,30.816106,75.867321,45.0,53.0
2025-04-21 12:38:05.301089+00:00,30.816106,75.867321,39.0,53.0
2025-04-19 18:40:02.434779+00:00,30.887211,75.789814,37.0,37.0
2025-04-19 16:02:03.280769+00:00,30.816106,75.867321,46.0,54.0
2025-04-19 14:32:02.366555+00:00,30.887211,75.789814,29.0,37.0
2025-04-19 17:40:04.145738+00:00,30.816106,75.867321,53.0,53.0
2025-04-19 17:28:04.799524+00:00,30.816106,75.867321,53.0,53.0
2025-04-21 11:16:06.222980+00:00,30.911972,75.853222,39.0,47.0
2025-04-19 17:28:04.806031+00:00,30.911972,75.853222,47.0,47.0
2025-04-19 14:58:03.104239+00:00,30.887211,75.789814,30.0,37.0
2025-04-19 14:18:07.281005+00:00,30.816106,75.867321,37.0,53.0
2025-04-19 13:42:03.395044+00:00,30.816106,75.867321,37.0,54.0
2025-04-21 08:01:52.027890+00:00,30.887211,75.789814,37.0,37.0
2025-04-21 09:26:03.481614+00:00,30.816106,75.867321,41.0,53.0
2025-04-21 10:04:02.684298+00:00,30.816106,75.867321,42.0,54.0
2025-04-19 13:34:03.059442+00:00,30.911972,75.853222,34.0,47.0
2025-04-21 10:12:02.816816+00:00,30.911972,75.853222,38.0,47.0
2025-04-19 17:24:04.461592+00:00,30.816106,75.867321,53.0,53.0
2025-04-21 12:48:02.972292+00:00,30.816106,75.867321,39.0,54.0
2025-04-19 17:44:03.068933+00:00,30.816106,75.867321,53.0,53.0
2025-04-19 18:30:02.521022+00:00,30.887211,75.789814,37.0,37.0
2025-04-19 15:02:03.009560+00:00,30.816106,75.867321,44.0,54.0
2025-04-19 11:49:30.842692+00:00,30.887211,75.789814,37.0,37.0
2025-04-19 14:02:02.348873+00:00,30.816106,75.867321,39.0,54.0
2025-04-19 16:34:03.356237+00:00,30.911972,75.853222,47.0,47.0
2025-04-19 14:24:02.586915+00:00,30.887211,75.789814,26.0,36.0
2025-04-21 10:32:02.944156+00:00,30.816106,75.867321,44.0,54.0
2025-04-21 09:48:03.112772+00:00,30.816106,75.867321,41.0,54.0
2025-04-21 12:34:03.310097+00:00,30.816106,75.867321,40.0,54.0
2025-04-19 17:58:03.388147+00:00,30.816106,75.867321,53.0,53.0
2025-04-21 11:54:03.168542+00:00,30.816106,75.867321,42.0,53.0
2025-04-19 14:04:02.445909+00:00,30.887211,75.789814,30.0,36.0
2025-04-21 08:24:02.605037+00:00,30.887211,75.789814,31.0,37.0
2025-04-21 11:28:02.429913+00:00,30.816106,75.867321,38.0,53.0
2025-04-21 10:46:03.469188+00:00,30.911972,75.853222,47.0,47.0
2025-04-19 15:26:03.479723+00:00,30.887211,75.789814,31.0,37.0
2025-04-21 09:22:03.343505+00:00,30.816106,75.867321,42.0,53.0
2025-04-21 11:56:02.314115+00:00,30.816106,75.867321,41.0,53.0
2025-04-21 12:22:02.372795+00:00,30.911972,75.853222,36.0,46.0
2025-04-21 10:18:03.051262+00:00,30.816106,75.867321,40.0,54.0
2025-04-19 15:34:02.806719+00:00,30.911972,75.853222,37.0,47.0
2025-04-19 17:24:04.479611+00:00,30.887211,75.789814,37.0,37.0
2025-04-19 15:50:02.712981+00:00,30.911972,75.853222,40.0,47.0
2025-04-19 18:32:02.468202+00:00,30.911972,75.853222,47.0,47.0
2025-04-21 12:54:03.376997+00:00,30.911972,75.853222,35.0,47.0
2025-04-19 17:34:04.162304+00:00,30.816106,75.867321,53.0,53.0
2025-04-19 16:28:03.006041+00:00,30.911972,75.853222,42.0,47.0
2025-04-19 17:18:03.135086+00:00,30.911972,75.853222,47.0,47.0
2025-04-21 12:42:03.770622+00:00,30.816106,75.867321,39.0,53.0
2025-04-19 15:00:04.251859+00:00,30.816106,75.867321,44.0,54.0
2025-04-19 17:52:04.092055+00:00,30.911972,75.853222,47.0,47.0
2025-04-21 08:34:02.449700+00:00,30.816106,75.867321,42.0,54.0
2025-04-19 17:34:04.130463+00:00,30.816106,75.867321,53.0,53.0
2025-04-19 14:22:03.714807+00:00,30.816106,75.867321,39.0,53.0
2025-04-21 09:00:02.665655+00:00,30.887211,75.789814,29.0,37.0
2025-04-19 18:36:02.391773+00:00,30.911972,75.853222,47.0,47.0
2025-04-19 16:44:02.975640+00:00,30.816106,75.867321,47.0,53.0
2025-04-21 10:08:02.683519+00:00,30.816106,75.867321,42.0,53.0
2025-04-19 16:06:03.183781+00:00,30.816106,75.867321,45.0,53.0
2025-04-19 17:26:04.293391+00:00,30.887211,75.789814,37.0,37.0
2025-04-19 15:16:02.897444+00:00,30.911972,75.853222,38.0,47.0
2025-04-19 15:46:02.669707+00:00,30.816106,75.867321,46.0,53.0
2025-04-19 16:40:05.467706+00:00,30.911972,75.853222,47.0,47.0
2025-04-19 15:42:02.856145+00:00,30.887211,75.789814,27.0,37.0
2025-04-21 09:22:03.365461+00:00,30.887211,75.789814,32.0,37.0
2025-04-19 14:18:07.269737+00:00,30.816106,75.867321,37.0,53.0
2025-04-21 09:50:02.936153+00:00,30.887211,75.789814,37.0,37.0
2025-04-19 13:52:03.464551+00:00,30.911972,75.853222,36.0,47.0
2025-04-19 16:54:02.747879+00:00,30.816106,75.867321,53.0,53.0
2025-04-21 10:18:03.048640+00:00,30.911972,75.853222,47.0,47.0
2025-04-21 08:54:02.664895+00:00,30.911972,75.853222,38.0,47.0
2025-04-21 08:01:48.569805+00:00,30.816106,75.867321,39.0,53.0
2025-04-19 16:56:03.001440+00:00,30.816106,75.867321,53.0,53.0
2025-04-21 08:48:03.708472+00:00,30.887211,75.789814,30.0,37.0
2025-04-19 18:06:03.519624+00:00,30.911972,75.853222,47.0,47.0
2025-04-21 10:30:02.723482+00:00,30.911972,75.853222,47.0,47.0
2025-04-21 08:16:02.743848+00:00,30.816106,75.867321,39.0,53.0
2025-04-21 11:14:03.093657+00:00,30.816106,75.867321,39.0,53.0
2025-04-21 08:54:02.675793+00:00,30.887211,75.789814,29.0,38.0
2025-04-21 08:02:03.662504+00:00,30.816106,75.867321,39.0,53.0
2025-04-21 12:50:03.010814+00:00,30.816106,75.867321,38.0,53.0
2025-04-19 14:38:03.184340+00:00,30.911972,75.853222,32.0,46.0
2025-04-19 14:10:04.011159+00:00,30.816106,75.867321,37.0,53.0
2025-04-21 11:56:02.319764+00:00,30.887211,75.789814,30.0,37.0
2025-04-21 11:22:02.580553+00:00,30.816106,75.867321,38.0,53.0
2025-04-21 12:48:02.993277+00:00,30.887211,75.789814,30.0,37.0
2025-04-19 17:02:03.036378+00:00,30.911972,75.853222,47.0,47.0
2025-04-21 11:54:03.159541+00:00,30.816106,75.867321,42.0,53.0
2025-04-19 13:05:08.307587+00:00,30.887211,75.789814,27.0,37.0
2025-04-19 16:50:02.917900+00:00,30.887211,75.789814,37.0,37.0
2025-04-19 15:34:02.816722+00:00,30.816106,75.867321,43.0,53.0
2025-04-19 13:58:02.612893+00:00,30.816106,75.867321,39.0,54.0
2025-04-21 09:44:03.399814+00:00,30.816106,75.867321,40.0,53.0
2025-04-21 10:00:02.839527+00:00,30.816106,75.867321,41.0,53.0
2025-04-19 14:36:05.081102+00:00,30.911972,75.853222,32.0,47.0
2025-04-21 09:00:02.656784+00:00,30.911972,75.853222,39.0,47.0
2025-04-19 14:56:04.305667+00:00,30.911972,75.853222,35.0,47.0
2025-04-19 15:40:02.737575+00:00,30.887211,75.789814,30.0,37.0
2025-04-19 17:10:05.541178+00:00,30.911972,75.853222,47.0,47.0
2025-04-19 14:56:04.316668+00:00,30.887211,75.789814,30.0,37.0
2025-04-21 08:44:02.640256+00:00,30.816106,75.867321,39.0,54.0
2025-04-21 10:14:03.880153+00:00,30.816106,75.867321,40.0,54.0
2025-04-21 09:50:02.929771+00:00,30.816106,75.867321,41.0,54.0
2025-04-19 14:06:02.548683+00:00,30.816106,75.867321,39.0,54.0
2025-04-19 15:48:02.899922+00:00,30.911972,75.853222,40.0,47.0
2025-04-21 11:44:02.528060+00:00,30.816106,75.867321,42.0,53.0
2025-04-21 09:10:02.735742+00:00,30.887211,75.789814,32.0,36.0
2025-04-19 13:40:05.838997+00:00,30.816106,75.867321,39.0,53.0
2025-04-19 17:32:03.520617+00:00,30.816106,75.867321,53.0,53.0
2025-04-21 09:44:03.384735+00:00,30.816106,75.867321,40.0,53.0
2025-04-21 12:22:02.378897+00:00,30.887211,75.789814,31.0,37.0
2025-04-19 14:04:02.436866+00:00,30.911972,75.853222,36.0,47.0
2025-04-19 15:50:02.729219+00:00,30.887211,75.789814,30.0,36.0
2025-04-21 10:24:03.234632+00:00,30.911972,75.853222,47.0,47.0
2025-04-19 13:26:16.328359+00:00,30.911972,75.853222,35.0,47.0
2025-04-19 10:51:25.871698+00:00,30.911972,75.853222,47.0,47.0
2025-04-19 14:10:04.023141+00:00,30.887211,75.789814,28.0,37.0
2025-04-19 13:20:03.020215+00:00,30.887211,75.789814,29.0,37.0
2025-04-21 12:14:02.415659+00:00,30.816106,75.867321,39.0,54.0
2025-04-19 18:26:04.452979+00:00,30.816106,75.867321,53.0,53.0
2025-04-21 12:08:02.396133+00:00,30.816106,75.867321,40.0,53.0
2025-04-21 10:44:03.482719+00:00,30.911972,75.853222,47.0,47.0
2025-04-21 11:08:03.840258+00:00,30.816106,75.867321,41.0,54.0
2025-04-21 08:04:03.829269+00:00,30.911972,75.853222,39.0,46.0
2025-04-21 08:32:02.620656+00:00,30.911972,75.853222,42.0,47.0
2025-04-21 08:30:02.433435+00:00,30.816106,75.867321,42.0,53.0
2025-04-21 09:30:02.998448+00:00,30.911972,75.853222,47.0,47.0
2025-04-21 12:10:02.923610+00:00,30.816106,75.867321,40.0,54.0
2025-04-21 11:16:06.226573+00:00,30.816106,75.867321,39.0,53.0
2025-04-19 10:53:55.286263+00:00,30.911972,75.853222,47.0,47.0
2025-04-19 16:54:02.757175+00:00,30.816106,75.867321,53.0,53.0
2025-04-19 16:02:03.295853+00:00,30.911972,75.853222,41.0,46.0
2025-04-19 15:20:04.571678+00:00,30.887211,75.789814,37.0,37.0
2025-04-21 10:22:03.909338+00:00,30.887211,75.789814,37.0,37.0
2025-04-21 12:46:02.533283+00:00,30.911972,75.853222,37.0,47.0
2025-04-21 12:00:02.499326+00:00,30.887211,75.789814,37.0,37.0
2025-04-19 18:18:07.309514+00:00,30.816106,75.867321,53.0,53.0
2025-04-19 11:49:23.680387+00:00,30.911972,75.853222,40.0,47.0
2025-04-21 12:16:02.510855+00:00,30.911972,75.853222,38.0,47.0
2025-04-19 16:18:03.156312+00:00,30.887211,75.789814,37.0,37.0
2025-04-19 13:26:16.321739+00:00,30.816106,75.867321,43.0,54.0
2025-04-21 10:08:02.686518+00:00,30.887211,75.789814,37.0,37.0
2025-04-19 11:49:28.626944+00:00,30.816106,75.867321,40.0,53.0
2025-04-19 13:28:03.940625+00:00,30.887211,75.789814,37.0,37.0
2025-04-21 12:04:02.379732+00:00,30.911972,75.853222,36.0,47.0
2025-04-21 09:36:02.959421+00:00,30.887211,75.789814,37.0,37.0
2025-04-19 11:50:02.355265+00:00,30.887211,75.789814,37.0,37.0
2025-04-21 08:01:48.595229+00:00,30.911972,75.853222,37.0,47.0
2025-04-19 17:52:04.103750+00:00,30.816106,75.867321,53.0,53.0
2025-04-19 15:28:03.792448+00:00,30.816106,75.867321,43.0,54.0
2025-04-19 11:00:50.613994+00:00,30.887211,75.789814,30.0,37.0
2025-04-19 14:44:05.376640+00:00,30.816106,75.867321,42.0,53.0
2025-04-19 13:50:03.178639+00:00,30.887211,75.789814,29.0,37.0
2025-04-19 15:26:03.466872+00:00,30.911972,75.853222,36.0,47.0
2025-04-21 12:42:03.759449+00:00,30.816106,75.867321,39.0,53.0
2025-04-21 11:20:03.530372+00:00,30.887211,75.789814,31.0,36.0
2025-04-19 16:50:02.885293+00:00,30.816106,75.867321,48.0,53.0
2025-04-19 16:00:05.392929+00:00,30.911972,75.853222,47.0,47.0
2025-04-21 10:08:02.679507+00:00,30.911972,75.853222,35.0,46.0
2025-04-19 12:40:11.128995+00:00,30.911972,75.853222,37.0,47.0
2025-04-21 11:52:02.434281+00:00,30.816106,75.867321,42.0,53.0
2025-04-21 12:12:02.566103+00:00,30.887211,75.789814,30.0,37.0
2025-04-19 18:12:03.637474+00:00,30.887211,75.789814,37.0,37.0
2025-04-19 17:56:04.791075+00:00,30.911972,75.853222,47.0,47.0
2025-04-19 17:42:02.881310+00:00,30.816106,75.867321,53.0,53.0
2025-04-21 12:14:02.430424+00:00,30.816106,75.867321,39.0,54.0
2025-04-19 16:16:03.985374+00:00,30.887211,75.789814,37.0,37.0
2025-04-21 08:50:03.915077+00:00,30.887211,75.789814,30.0,37.0
2025-04-19 17:50:04.842553+00:00,30.887211,75.789814,37.0,37.0
2025-04-19 15:22:05.802501+00:00,30.816106,75.867321,42.0,54.0
2025-04-21 11:36:02.559437+00:00,30.887211,75.789814,37.0,37.0
2025-04-19 18:28:02.663724+00:00,30.816106,75.867321,53.0,53.0
2025-04-21 10:02:02.874153+00:00,30.911972,75.853222,35.0,46.0
2025-04-19 16:42:03.000158+00:00,30.911972,75.853222,47.0,47.0
2025-04-19 15:42:02.844183+00:00,30.911972,75.853222,38.0,46.0
2025-04-19 14:24:02.578741+00:00,30.911972,75.853222,32.0,47.0
2025-04-19 11:50:02.348752+00:00,30.911972,75.853222,40.0,47.0
2025-04-19 15:58:03.319608+00:00,30.816106,75.867321,46.0,53.0
2025-04-21 08:40:02.645407+00:00,30.887211,75.789814,30.0,37.0
2025-04-19 14:28:02.392194+00:00,30.911972,75.853222,32.0,46.0
2025-04-21 09:54:03.205521+00:00,30.816106,75.867321,42.0,53.0
2025-04-19 16:36:03.392414+00:00,30.816106,75.867321,42.0,53.0
2025-04-21 09:30:03.024044+00:00,30.887211,75.789814,37.0,37.0
2025-04-21 09:16:03.615928+00:00,30.816106,75.867321,41.0,53.0
2025-04-21 09:58:03.960641+00:00,30.816106,75.867321,42.0,54.0
2025-04-21 08:04:03.824695+00:00,30.816106,75.867321,40.0,53.0
2025-04-21 12:32:04.140369+00:00,30.887211,75.789814,30.0,37.0
2025-04-19 14:56:04.310666+00:00,30.816106,75.867321,42.0,54.0
2025-04-19 18:08:06.801303+00:00,30.816106,75.867321,53.0,53.0
2025-04-19 16:58:04.118362+00:00,30.816106,75.867321,53.0,53.0
2025-04-19 15:36:04.358494+00:00,30.816106,75.867321,44.0,53.0
2025-04-21 08:48:03.696526+00:00,30.911972,75.853222,38.0,47.0
2025-04-19 14:08:02.401274+00:00,30.887211,75.789814,29.0,37.0
2025-04-19 17:58:03.428449+00:00,30.887211,75.789814,37.0,37.0
2025-04-19 13:58:02.618220+00:00,30.887211,75.789814,30.0,37.0
2025-04-21 12:00:02.486415+00:00,30.911972,75.853222,37.0,47.0
2025-04-21 09:04:02.517272+00:00,30.911972,75.853222,38.0,47.0
2025-04-19 13:36:04.493238+00:00,30.816106,75.867321,39.0,53.0
2025-04-21 09:44:03.406320+00:00,30.887211,75.789814,37.0,37.0
2025-04-19 16:40:05.486805+00:00,30.816106,75.867321,42.0,53.0
2025-04-19 17:48:04.334044+00:00,30.887211,75.789814,37.0,37.0
2025-04-21 10:58:03.031194+00:00,30.816106,75.867321,40.0,53.0
2025-04-19 14:22:03.718868+00:00,30.887211,75.789814,27.0,37.0
2025-04-21 10:26:04.029969+00:00,30.816106,75.867321,42.0,53.0
2025-04-19 15:54:02.809948+00:00,30.911972,75.853222,40.0,47.0
2025-04-19 14:38:03.189340+00:00,30.816106,75.867321,41.0,54.0
2025-04-21 11:02:03.071408+00:00,30.911972,75.853222,47.0,47.0
2025-04-21 12:58:02.733510+00:00,30.911972,75.853222,35.0,47.0
2025-04-19 14:30:02.549413+00:00,30.887211,75.789814,29.0,37.0
2025-04-19 13:54:04.188630+00:00,30.887211,75.789814,30.0,36.0
2025-04-21 12:40:02.721849+00:00,30.816106,75.867321,39.0,53.0
2025-04-19 11:49:57.861970+00:00,30.816106,75.867321,40.0,54.0
2025-04-21 12:36:04.034313+00:00,30.816106,75.867321,39.0,53.0
2025-04-21 10:12:02.832897+00:00,30.887211,75.789814,37.0,37.0
2025-04-19 13:28:03.936616+00:00,30.816106,75.867321,43.0,54.0
2025-04-21 10:24:03.226047+00:00,30.816106,75.867321,41.0,54.0
2025-04-19 12:20:02.515132+00:00,30.816106,75.867321,42.0,54.0
2025-04-19 11:49:30.840690+00:00,30.816106,75.867321,40.0,53.0
2025-04-21 10:00:02.835989+00:00,30.911972,75.853222,35.0,46.0
2025-04-19 17:22:03.459612+00:00,30.816106,75.867321,53.0,53.0
2025-04-21 12:02:02.278406+00:00,30.911972,75.853222,37.0,47.0
2025-04-21 11:06:08.317864+00:00,30.816106,75.867321,38.0,54.0
2025-04-21 10:30:02.713480+00:00,30.816106,75.867321,44.0,53.0
2025-04-21 10:44:03.488719+00:00,30.816106,75.867321,44.0,53.0
2025-04-19 17:46:03.786114+00:00,30.816106,75.867321,53.0,53.0
2025-04-19 13:46:03.313319+00:00,30.887211,75.789814,27.0,37.0
2025-04-19 15:38:09.377164+00:00,30.816106,75.867321,46.0,54.0
2025-04-19 18:20:07.992333+00:00,30.816106,75.867321,53.0,53.0
2025-04-21 09:46:02.991118+00:00,30.911972,75.853222,36.0,47.0
2025-04-21 12:26:02.739017+00:00,30.816106,75.867321,38.0,54.0
2025-04-19 15:04:04.250422+00:00,30.816106,75.867321,44.0,53.0
2025-04-19 12:30:03.311589+00:00,30.887211,75.789814,37.0,37.0
2025-04-21 08:12:02.552786+00:00,30.911972,75.853222,39.0,47.0
2025-04-21 09:28:03.271578+00:00,30.816106,75.867321,40.0,53.0
2025-04-21 11:14:03.106810+00:00,30.816106,75.867321,39.0,53.0
2025-04-21 12:04:02.375730+00:00,30.816106,75.867321,39.0,53.0
2025-04-19 15:10:03.004482+00:00,30.816106,75.867321,42.0,53.0
2025-04-21 10:34:02.849278+00:00,30.887211,75.789814,32.0,36.0
2025-04-21 10:48:02.743642+00:00,30.816106,75.867321,43.0,53.0
2025-04-19 11:10:14.428833+00:00,30.816106,75.867321,39.0,53.0
2025-04-19 11:00:04.324068+00:00,30.816106,75.867321,42.0,53.0
2025-04-19 18:04:04.806127+00:00,30.816106,75.867321,53.0,53.0
2025-04-19 11:21:42.882960+00:00,30.816106,75.867321,41.0,53.0
2025-04-21 11:18:03.466808+00:00,30.816106,75.867321,38.0,53.0
2025-04-19 12:30:03.298393+00:00,30.816106,75.867321,39.0,54.0
2025-04-21 11:26:02.694255+00:00,30.816106,75.867321,37.0,54.0
2025-04-19 15:46:02.699266+00:00,30.887211,75.789814,28.0,37.0
2025-04-19 11:49:23.683746+00:00,30.816106,75.867321,40.0,53.0
2025-04-21 09:14:02.682808+00:00,30.911972,75.853222,38.0,47.0
2025-04-21 09:14:02.672817+00:00,30.816106,75.867321,42.0,53.0
2025-04-21 11:08:03.827257+00:00,30.816106,75.867321,41.0,54.0
2025-04-19 15:22:05.783408+00:00,30.816106,75.867321,42.0,54.0
2025-04-19 15:48:02.905923+00:00,30.816106,75.867321,47.0,53.0
2025-04-21 08:30:02.438017+00:00,30.911972,75.853222,42.0,47.0
2025-04-19 15:10:02.995416+00:00,30.911972,75.853222,38.0,47.0
2025-04-19 13:35:05.569241+00:00,30.816106,75.867321,41.0,53.0
2025-04-21 10:02:02.867785+00:00,30.816106,75.867321,42.0,54.0
2025-04-19 18:22:07.119242+00:00,30.816106,75.867321,53.0,53.0
2025-04-19 12:30:03.308403+00:00,30.816106,75.867321,39.0,54.0
2025-04-19 18:32:02.471201+00:00,30.816106,75.867321,53.0,53.0
2025-04-21 12:32:04.137044+00:00,30.816106,75.867321,40.0,54.0
2025-04-21 12:32:04.120421+00:00,30.816106,75.867321,40.0,54.0
2025-04-19 13:00:02.849294+00:00,30.816106,75.867321,41.0,53.0
2025-04-21 11:04:02.872455+00:00,30.911972,75.853222,47.0,47.0
2025-04-21 08:14:02.505654+00:00,30.887211,75.789814,37.0,37.0
2025-04-21 09:04:02.519378+00:00,30.816106,75.867321,39.0,54.0
2025-04-19 12:25:04.409729+00:00,30.816106,75.867321,40.0,53.0
2025-04-21 09:46:03.003737+00:00,30.887211,75.789814,37.0,37.0
2025-04-21 10:16:03.034634+00:00,30.887211,75.789814,37.0,37.0
2025-04-21 09:56:03.533845+00:00,30.816106,75.867321,41.0,53.0
2025-04-19 13:54:04.169201+00:00,30.816106,75.867321,38.0,54.0
2025-04-21 08:34:02.439680+00:00,30.816106,75.867321,42.0,54.0
2025-04-19 15:24:03.341962+00:00,30.816106,75.867321,42.0,54.0
2025-04-19 10:53:55.294259+00:00,30.887211,75.789814,37.0,37.0
2025-04-21 12:26:02.731360+00:00,30.911972,75.853222,38.0,47.0
2025-04-19 17:12:05.345544+00:00,30.816106,75.867321,53.0,53.0
2025-04-19 15:02:03.028271+00:00,30.887211,75.789814,29.0,36.0
2025-04-19 16:24:04.544213+00:00,30.887211,75.789814,31.0,36.0
2025-04-19 11:50:02.343773+00:00,30.816106,75.867321,40.0,54.0
2025-04-21 08:58:02.722515+00:00,30.887211,75.789814,28.0,37.0
2025-04-21 11:14:03.100648+00:00,30.911972,75.853222,38.0,46.0
2025-04-21 09:12:02.589619+00:00,30.911972,75.853222,38.0,47.0
2025-04-21 08:02:03.650456+00:00,30.911972,75.853222,38.0,47.0
2025-04-19 15:08:04.383481+00:00,30.816106,75.867321,41.0,53.0
2025-04-19 13:40:05.835584+00:00,30.911972,75.853222,33.0,47.0
2025-04-19 14:38:03.193343+00:00,30.887211,75.789814,31.0,36.0
2025-04-21 10:02:02.882893+00:00,30.816106,75.867321,42.0,54.0
2025-04-19 15:30:04.555473+00:00,30.887211,75.789814,30.0,37.0
2025-04-19 10:55:04.095782+00:00,30.816106,75.867321,42.0,53.0
2025-04-21 11:46:02.449330+00:00,30.816106,75.867321,44.0,54.0
2025-04-19 18:06:03.541225+00:00,30.887211,75.789814,37.0,37.0
2025-04-19 18:22:07.091426+00:00,30.816106,75.867321,53.0,53.0
2025-04-21 09:08:02.588173+00:00,30.816106,75.867321,42.0,54.0
2025-04-21 08:40:02.633592+00:00,30.911972,75.853222,41.0,46.0
2025-04-19 13:52:03.459554+00:00,30.816106,75.867321,37.0,54.0
2025-04-19 14:34:02.404747+00:00,30.887211,75.789814,27.0,37.0
2025-04-21 08:16:02.733188+00:00,30.816106,75.867321,39.0,53.0
2025-04-19 17:50:04.831145+00:00,30.911972,75.853222,47.0,47.0
2025-04-19 16:46:03.135268+00:00,30.816106,75.867321,48.0,54.0
2025-04-21 10:44:03.493720+00:00,30.887211,75.789814,37.0,37.0
2025-04-21 08:12:02.560085+00:00,30.887211,75.789814,37.0,37.0
2025-04-19 17:30:03.595471+00:00,30.816106,75.867321,53.0,53.0
2025-04-21 08:02:03.671521+00:00,30.887211,75.789814,37.0,37.0
2025-04-21 09:20:07.036407+00:00,30.887211,75.789814,31.0,37.0
2025-04-19 17:10:05.552180+00:00,30.816106,75.867321,53.0,53.0
2025-04-19 17:44:03.082823+00:00,30.816106,75.867321,53.0,53.0
2025-04-19 15:18:05.385316+00:00,30.816106,75.867321,43.0,53.0
2025-04-21 12:04:02.384267+00:00,30.816106,75.867321,39.0,53.0
2025-04-21 11:04:02.874978+00:00,30.816106,75.867321,38.0,53.0
2025-04-19 15:40:02.717278+00:00,30.816106,75.867321,47.0,54.0
2025-04-21 11:56:02.308596+00:00,30.911972,75.853222,36.0,47.0
2025-04-21 11:28:02.434508+00:00,30.911972,75.853222,36.0,47.0
2025-04-21 08:02:03.637612+00:00,30.816106,75.867321,39.0,53.0
2025-04-19 15:42:02.838261+00:00,30.816106,75.867321,48.0,53.0
2025-04-19 18:40:02.423299+00:00,30.816106,75.867321,53.0,53.0
2025-04-21 10:58:03.035223+00:00,30.887211,75.789814,37.0,37.0
2025-04-19 13:38:04.484837+00:00,30.816106,75.867321,40.0,54.0
2025-04-21 12:58:02.737504+00:00,30.816106,75.867321,37.0,53.0
2025-04-21 11:32:02.409321+00:00,30.887211,75.789814,37.0,37.0
2025-04-21 11:26:02.685014+00:00,30.816106,75.867321,37.0,54.0
2025-04-21 10:32:02.952251+00:00,30.911972,75.853222,47.0,47.0
2025-04-21 12:30:03.415238+00:00,30.816106,75.867321,38.0,54.0
2025-04-19 14:54:03.890414+00:00,30.911972,75.853222,35.0,47.0
2025-04-19 14:44:05.382640+00:00,30.887211,75.789814,27.0,37.0
2025-04-19 16:34:03.344610+00:00,30.816106,75.867321,42.0,53.0
2025-04-19 14:52:02.947775+00:00,30.816106,75.867321,41.0,53.0
2025-04-19 17:32:03.511845+00:00,30.911972,75.853222,47.0,47.0
2025-04-19 15:22:05.796501+00:00,30.911972,75.853222,37.0,47.0
2025-04-21 12:08:02.400414+00:00,30.911972,75.853222,38.0,46.0
2025-04-19 17:36:03.331845+00:00,30.816106,75.867321,53.0,53.0
2025-04-19 16:50:02.896466+00:00,30.911972,75.853222,47.0,47.0
2025-04-19 18:08:06.814675+00:00,30.911972,75.853222,47.0,47.0
2025-04-21 10:20:03.297047+00:00,30.911972,75.853222,47.0,47.0
2025-04-19 11:21:42.894328+00:00,30.816106,75.867321,41.0,53.0
2025-04-19 16:06:03.178728+00:00,30.911972,75.853222,41.0,47.0
2025-04-19 14:04:02.432143+00:00,30.816106,75.867321,39.0,53.0
2025-04-21 09:56:03.549590+00:00,30.887211,75.789814,31.0,37.0
2025-04-21 09:52:03.021201+00:00,30.816106,75.867321,41.0,53.0
2025-04-19 13:40:03.076447+00:00,30.887211,75.789814,29.0,36.0
2025-04-19 17:58:03.403166+00:00,30.911972,75.853222,47.0,47.0
2025-04-19 12:55:03.137219+00:00,30.816106,75.867321,39.0,54.0
2025-04-19 18:06:03.530700+00:00,30.816106,75.867321,53.0,53.0
2025-04-19 11:00:04.339219+00:00,30.887211,75.789814,31.0,37.0
2025-04-19 16:48:03.139451+00:00,30.816106,75.867321,48.0,53.0
2025-04-19 14:18:07.274410+00:00,30.911972,75.853222,33.0,47.0
2025-04-19 14:12:02.401901+00:00,30.816106,75.867321,36.0,53.0
2025-04-21 12:48:02.983276+00:00,30.911972,75.853222,37.0,47.0
2025-04-19 17:20:04.052383+00:00,30.911972,75.853222,47.0,47.0
2025-04-19 15:56:03.037826+00:00,30.816106,75.867321,46.0,53.0
2025-04-21 12:40:02.738425+00:00,30.887211,75.789814,32.0,37.0
2025-04-21 12:00:02.482419+00:00,30.816106,75.867321,40.0,53.0
2025-04-21 10:10:02.909265+00:00,30.816106,75.867321,42.0,53.0
2025-04-19 15:56:03.041826+00:00,30.887211,75.789814,29.0,37.0
2025-04-21 09:04:02.522079+00:00,30.887211,75.789814,37.0,37.0
2025-04-21 12:20:02.264103+00:00,30.816106,75.867321,36.0,53.0
2025-04-19 16:48:03.159505+00:00,30.911972,75.853222,47.0,47.0
2025-04-21 09:54:03.220045+00:00,30.887211,75.789814,31.0,36.0
2025-04-19 14:00:02.362568+00:00,30.816106,75.867321,39.0,54.0
2025-04-21 11:08:03.846541+00:00,30.887211,75.789814,37.0,37.0
2025-04-19 14:54:03.886411+00:00,30.816106,75.867321,42.0,53.0
2025-04-19 12:40:11.137741+00:00,30.816106,75.867321,40.0,53.0
2025-04-21 09:28:03.279634+00:00,30.911972,75.853222,47.0,47.0
2025-04-21 11:34:02.604669+00:00,30.816106,75.867321,40.0,53.0
2025-04-21 09:36:02.932652+00:00,30.816106,75.867321,40.0,53.0
2025-04-19 17:30:03.619520+00:00,30.816106,75.867321,53.0,53.0
2025-04-19 18:24:03.537225+00:00,30.911972,75.853222,47.0,47.0
2025-04-19 13:34:03.066759+00:00,30.816106,75.867321,42.0,54.0
2025-04-21 09:32:03.136133+00:00,30.887211,75.789814,37.0,37.0
2025-04-19 18:22:07.129660+00:00,30.887211,75.789814,37.0,37.0
2025-04-19 14:44:05.369638+00:00,30.911972,75.853222,35.0,47.0
2025-04-21 08:38:02.722275+00:00,30.816106,75.867321,40.0,53.0
2025-04-19 13:52:03.469966+00:00,30.816106,75.867321,37.0,54.0
2025-04-19 13:05:08.291990+00:00,30.816106,75.867321,40.0,53.0
2025-04-21 11:42:02.689138+00:00,30.887211,75.789814,30.0,36.0
2025-04-21 12:14:02.434102+00:00,30.887211,75.789814,30.0,37.0
2025-04-19 17:00:03.199406+00:00,30.816106,75.867321,53.0,53.0
2025-04-21 09:40:03.663265+00:00,30.816106,75.867321,39.0,53.0
2025-04-19 13:56:02.832188+00:00,30.816106,75.867321,38.0,54.0
2025-04-19 13:48:02.912851+00:00,30.816106,75.867321,36.0,53.0
2025-04-19 13:40:03.069972+00:00,30.911972,75.853222,33.0,47.0
2025-04-21 08:06:02.628130+00:00,30.887211,75.789814,37.0,37.0
2025-04-21 08:22:02.814517+00:00,30.816106,75.867321,40.0,53.0
2025-04-19 15:06:03.178265+00:00,30.816106,75.867321,44.0,54.0
2025-04-19 15:36:04.352484+00:00,30.911972,75.853222,36.0,46.0
2025-04-21 08:20:02.587573+00:00,30.816106,75.867321,38.0,53.0
2025-04-19 16:24:04.524131+00:00,30.816106,75.867321,44.0,53.0
2025-04-19 15:54:02.818432+00:00,30.887211,75.789814,30.0,37.0
2025-04-19 15:06:03.171292+00:00,30.911972,75.853222,37.0,47.0
2025-04-21 09:26:03.477614+00:00,30.911972,75.853222,47.0,47.0
2025-04-21 12:26:02.720932+00:00,30.816106,75.867321,38.0,54.0
2025-04-19 12:55:03.133239+00:00,30.911972,75.853222,36.0,46.0
2025-04-21 12:56:03.437824+00:00,30.911972,75.853222,35.0,47.0
2025-04-21 11:46:02.439796+00:00,30.816106,75.867321,44.0,54.0
2025-04-19 17:32:03.502279+00:00,30.816106,75.867321,53.0,53.0
2025-04-19 15:48:02.910382+00:00,30.887211,75.789814,28.0,37.0
2025-04-21 11:02:03.062957+00:00,30.816106,75.867321,38.0,53.0
2025-04-19 16:58:04.123522+00:00,30.887211,75.789814,37.0,37.0
2025-04-19 12:40:11.120293+00:00,30.816106,75.867321,40.0,53.0
2025-04-19 13:44:03.031068+00:00,30.816106,75.867321,37.0,53.0
2025-04-21 08:08:02.561265+00:00,30.816106,75.867321,40.0,53.0
2025-04-19 18:38:02.465178+00:00,30.911972,75.853222,47.0,47.0
2025-04-19 13:36:04.470748+00:00,30.816106,75.867321,39.0,53.0
2025-04-21 11:16:06.231342+00:00,30.887211,75.789814,37.0,37.0
2025-04-21 08:10:02.430401+00:00,30.887211,75.789814,37.0,37.0
2025-04-21 11:12:04.914234+00:00,30.911972,75.853222,39.0,47.0
2025-04-21 09:50:02.915546+00:00,30.816106,75.867321,41.0,54.0
2025-04-19 17:46:03.796113+00:00,30.911972,75.853222,47.0,47.0
2025-04-21 08:04:03.835248+00:00,30.887211,75.789814,37.0,37.0
2025-04-21 08:58:02.706742+00:00,30.816106,75.867321,36.0,53.0
2025-04-19 18:28:02.653053+00:00,30.816106,75.867321,53.0,53.0
2025-04-19 15:18:05.380679+00:00,30.911972,75.853222,38.0,47.0
2025-04-19 16:12:03.114694+00:00,30.887211,75.789814,37.0,37.0
2025-04-21 10:48:02.740321+00:00,30.911972,75.853222,47.0,47.0
2025-04-19 15:38:09.365167+00:00,30.816106,75.867321,46.0,54.0
2025-04-19 14:00:02.364567+00:00,30.887211,75.789814,29.0,37.0
2025-04-19 14:48:02.628622+00:00,30.911972,75.853222,35.0,47.0
2025-04-21 12:38:05.309365+00:00,30.911972,75.853222,37.0,47.0
2025-04-19 12:55:03.141430+00:00,30.887211,75.789814,28.0,36.0
2025-04-19 17:14:02.881508+00:00,30.816106,75.867321,53.0,53.0
2025-04-19 18:20:08.033224+00:00,30.887211,75.789814,37.0,37.0
2025-04-19 15:26:03.472856+00:00,30.816106,75.867321,42.0,54.0
2025-04-19 17:16:04.877754+00:00,30.816106,75.867321,53.0,53.0
2025-04-21 09:00:02.661329+00:00,30.816106,75.867321,35.0,54.0
2025-04-21 08:06:02.622124+00:00,30.911972,75.853222,38.0,47.0
2025-04-21 11:00:03.789235+00:00,30.911972,75.853222,47.0,47.0
2025-04-19 16:04:03.103770+00:00,30.816106,75.867321,46.0,53.0
2025-04-21 09:02:02.428288+00:00,30.816106,75.867321,37.0,53.0
2025-04-21 09:32:03.115174+00:00,30.816106,75.867321,41.0,53.0
2025-04-19 18:20:08.006137+00:00,30.911972,75.853222,47.0,47.0
2025-04-19 11:00:50.610072+00:00,30.816106,75.867321,42.0,53.0
2025-04-21 10:20:03.302036+00:00,30.816106,75.867321,40.0,54.0
2025-04-19 18:24:03.524403+00:00,30.816106,75.867321,53.0,53.0
2025-04-19 17:50:04.836281+00:00,30.816106,75.867321,53.0,53.0
2025-04-19 12:20:02.525661+00:00,30.887211,75.789814,32.0,37.0
2025-04-21 12:20:02.276973+00:00,30.816106,75.867321,36.0,53.0
2025-04-19 14:12:02.397892+00:00,30.911972,75.853222,37.0,47.0
2025-04-19 13:40:03.064642+00:00,30.816106,75.867321,39.0,54.0
2025-04-21 09:24:03.374231+00:00,30.887211,75.789814,37.0,37.0
2025-04-21 11:12:04.917234+00:00,30.816106,75.867321,40.0,53.0
2025-04-19 15:44:03.051000+00:00,30.911972,75.853222,39.0,47.0
2025-04-19 16:14:02.998085+00:00,30.911972,75.853222,42.0,47.0
2025-04-19 18:28:02.668741+00:00,30.887211,75.789814,37.0,37.0
2025-04-19 17:08:03.166407+00:00,30.816106,75.867321,53.0,53.0
2025-04-21 10:56:03.152890+00:00,30.911972,75.853222,47.0,47.0
2025-04-19 17:42:02.890715+00:00,30.887211,75.789814,37.0,37.0
2025-04-21 10:56:03.161909+00:00,30.887211,75.789814,37.0,37.0
2025-04-21 10:50:02.418999+00:00,30.816106,75.867321,41.0,53.0
2025-04-19 17:36:03.356538+00:00,30.816106,75.867321,53.0,53.0
2025-04-19 17:02:03.041378+00:00,30.816106,75.867321,53.0,53.0
2025-04-19 12:30:03.303393+00:00,30.911972,75.853222,38.0,46.0
2025-04-21 09:34:03.617089+00:00,30.911972,75.853222,40.0,47.0
2025-04-19 11:00:50.597617+00:00,30.816106,75.867321,42.0,53.0
2025-04-21 10:14:03.894290+00:00,30.887211,75.789814,37.0,37.0
2025-04-21 09:34:03.626592+00:00,30.887211,75.789814,37.0,37.0
2025-04-21 10:20:03.307038+00:00,30.887211,75.789814,33.0,37.0
2025-04-19 16:38:04.638145+00:00,30.911972,75.853222,47.0,47.0
2025-04-21 12:54:03.407046+00:00,30.887211,75.789814,31.0,37.0
2025-04-21 10:50:02.435809+00:00,30.887211,75.789814,37.0,37.0
2025-04-21 11:42:02.682482+00:00,30.911972,75.853222,36.0,46.0
2025-04-19 17:28:04.820634+00:00,30.887211,75.789814,37.0,37.0
2025-04-21 08:56:03.550278+00:00,30.816106,75.867321,37.0,53.0
2025-04-19 13:38:04.488353+00:00,30.911972,75.853222,33.0,47.0
2025-04-19 13:15:04.582078+00:00,30.911972,75.853222,36.0,46.0
2025-04-19 12:20:02.519149+00:00,30.911972,75.853222,39.0,47.0
2025-04-21 09:02:02.419642+00:00,30.816106,75.867321,37.0,53.0
2025-04-21 10:14:03.870138+00:00,30.911972,75.853222,37.0,47.0
2025-04-21 12:28:02.596488+00:00,30.911972,75.853222,37.0,47.0
2025-04-19 16:36:03.427751+00:00,30.887211,75.789814,37.0,37.0
2025-04-19 10:51:25.877977+00:00,30.816106,75.867321,44.0,53.0
2025-04-19 13:56:02.823814+00:00,30.816106,75.867321,38.0,54.0
2025-04-21 08:26:02.434060+00:00,30.816106,75.867321,42.0,54.0
2025-04-19 14:18:07.286245+00:00,30.887211,75.789814,26.0,37.0
2025-04-21 09:46:02.982633+00:00,30.816106,75.867321,40.0,53.0
2025-04-21 08:08:02.565268+00:00,30.887211,75.789814,32.0,37.0
2025-04-21 09:48:03.123701+00:00,30.887211,75.789814,37.0,37.0
2025-04-19 16:28:03.023674+00:00,30.887211,75.789814,37.0,37.0
2025-04-21 12:30:03.410400+00:00,30.911972,75.853222,37.0,47.0
2025-04-19 17:46:03.805556+00:00,30.816106,75.867321,53.0,53.0
2025-04-21 11:14:03.113823+00:00,30.887211,75.789814,37.0,37.0
2025-04-19 12:55:03.128214+00:00,30.816106,75.867321,39.0,54.0
2025-04-21 09:22:03.352076+00:00,30.911972,75.853222,47.0,47.0
2025-04-19 16:16:03.979171+00:00,30.816106,75.867321,43.0,53.0
2025-04-21 10:06:02.977906+00:00,30.911972,75.853222,35.0,46.0
2025-04-21 12:54:03.391469+00:00,30.816106,75.867321,37.0,53.0
2025-04-19 14:06:02.544683+00:00,30.911972,75.853222,36.0,47.0
2025-04-21 10:00:02.830991+00:00,30.816106,75.867321,41.0,53.0
2025-04-19 12:50:03.687490+00:00,30.816106,75.867321,38.0,53.0
2025-04-21 08:08:02.558271+00:00,30.911972,75.853222,38.0,46.0
2025-04-21 09:42:07.449865+00:00,30.816106,75.867321,40.0,53.0
2025-04-19 17:26:04.269013+00:00,30.816106,75.867321,53.0,53.0
2025-04-19 17:06:02.905716+00:00,30.887211,75.789814,37.0,37.0
2025-04-19 16:16:03.974978+00:00,30.911972,75.853222,42.0,47.0
2025-04-21 08:30:02.441555+00:00,30.816106,75.867321,42.0,53.0
2025-04-19 18:20:08.020499+00:00,30.816106,75.867321,53.0,53.0
2025-04-19 17:48:04.323439+00:00,30.816106,75.867321,53.0,53.0
2025-04-19 12:50:03.714633+00:00,30.887211,75.789814,29.0,36.0
2025-04-19 16:42:03.006211+00:00,30.816106,75.867321,46.0,54.0
2025-04-19 15:16:02.901434+00:00,30.816106,75.867321,42.0,54.0
2025-04-19 16:08:03.031971+00:00,30.887211,75.789814,37.0,37.0
2025-04-19 15:24:03.359039+00:00,30.816106,75.867321,42.0,54.0
2025-04-21 11:08:03.834254+00:00,30.911972,75.853222,47.0,47.0
2025-04-21 08:20:02.592572+00:00,30.887211,75.789814,32.0,37.0
2025-04-19 11:49:30.836540+00:00,30.911972,75.853222,40.0,47.0
2025-04-19 13:44:03.004584+00:00,30.816106,75.867321,37.0,53.0
2025-04-21 08:18:02.371253+00:00,30.911972,75.853222,40.0,47.0
2025-04-21 08:42:02.474112+00:00,30.911972,75.853222,41.0,47.0
2025-04-19 15:56:03.033297+00:00,30.911972,75.853222,40.0,47.0
2025-04-21 11:20:03.522374+00:00,30.911972,75.853222,37.0,47.0
2025-04-19 13:30:09.188119+00:00,30.887211,75.789814,32.0,37.0
2025-04-19 14:36:05.086149+00:00,30.816106,75.867321,41.0,53.0
2025-04-19 18:34:02.484936+00:00,30.887211,75.789814,37.0,37.0
2025-04-19 10:55:04.083907+00:00,30.816106,75.867321,42.0,53.0
2025-04-21 12:34:03.304098+00:00,30.911972,75.853222,36.0,47.0
2025-04-21 11:46:02.445318+00:00,30.911972,75.853222,36.0,47.0
2025-04-19 16:50:02.906876+00:00,30.816106,75.867321,48.0,53.0
2025-04-21 12:56:03.450767+00:00,30.887211,75.789814,28.0,37.0
2025-04-21 08:54:02.651421+00:00,30.816106,75.867321,36.0,53.0
2025-04-21 12:32:04.128663+00:00,30.911972,75.853222,35.0,47.0
2025-04-21 11:02:03.077945+00:00,30.887211,75.789814,37.0,37.0
2025-04-21 12:14:02.424787+00:00,30.911972,75.853222,38.0,47.0
2025-04-21 10:16:03.026118+00:00,30.911972,75.853222,47.0,47.0
2025-04-19 11:49:28.630388+00:00,30.911972,75.853222,40.0,47.0
2025-04-19 16:44:02.947650+00:00,30.816106,75.867321,47.0,53.0
2025-04-21 12:52:02.787773+00:00,30.911972,75.853222,35.0,47.0
2025-04-19 15:20:04.559413+00:00,30.911972,75.853222,37.0,47.0
2025-04-21 08:32:02.623744+00:00,30.816106,75.867321,42.0,53.0
2025-04-21 11:54:03.164544+00:00,30.911972,75.853222,36.0,47.0
2025-04-19 15:28:03.798474+00:00,30.887211,75.789814,37.0,37.0
2025-04-21 08:52:02.808522+00:00,30.816106,75.867321,36.0,53.0
2025-04-19 14:28:02.400194+00:00,30.887211,75.789814,28.0,37.0
2025-04-19 18:10:05.305724+00:00,30.887211,75.789814,37.0,37.0
2025-04-19 12:25:04.429289+00:00,30.887211,75.789814,32.0,37.0
2025-04-21 12:52:02.796274+00:00,30.887211,75.789814,28.0,36.0
2025-04-21 09:38:03.572615+00:00,30.887211,75.789814,37.0,37.0
2025-04-21 12:18:02.441959+00:00,30.816106,75.867321,38.0,54.0
2025-04-21 12:04:02.388267+00:00,30.887211,75.789814,37.0,37.0
2025-04-21 10:46:03.458955+00:00,30.816106,75.867321,43.0,54.0
2025-04-19 18:00:03.142441+00:00,30.816106,75.867321,53.0,53.0
2025-04-19 17:34:04.173321+00:00,30.887211,75.789814,37.0,37.0
2025-04-19 16:32:02.750289+00:00,30.911972,75.853222,47.0,47.0
2025-04-21 08:32:02.628888+00:00,30.887211,75.789814,31.0,37.0
2025-04-21 09:32:03.129643+00:00,30.816106,75.867321,41.0,53.0
2025-04-21 08:54:02.671410+00:00,30.816106,75.867321,36.0,53.0
2025-04-19 17:38:02.954792+00:00,30.887211,75.789814,37.0,37.0
2025-04-19 16:10:02.729637+00:00,30.911972,75.853222,42.0,47.0
2025-04-19 15:12:19.985486+00:00,30.816106,75.867321,41.0,54.0
2025-04-21 11:22:02.596884+00:00,30.887211,75.789814,37.0,37.0
2025-04-21 08:34:02.454679+00:00,30.887211,75.789814,32.0,38.0
2025-04-19 17:02:03.044382+00:00,30.887211,75.789814,37.0,37.0
2025-04-19 17:40:04.156312+00:00,30.887211,75.789814,37.0,37.0
2025-04-21 08:22:02.818053+00:00,30.887211,75.789814,31.0,36.0
2025-04-21 08:16:02.739848+00:00,30.911972,75.853222,39.0,47.0
2025-04-19 13:20:02.978094+00:00,30.816106,75.867321,39.0,53.0
2025-04-21 12:26:02.744529+00:00,30.887211,75.789814,31.0,37.0
2025-04-21 12:46:02.522386+00:00,30.816106,75.867321,38.0,54.0
2025-04-21 11:32:02.394933+00:00,30.816106,75.867321,40.0,54.0
2025-04-19 17:06:02.870463+00:00,30.816106,75.867321,53.0,53.0
2025-04-21 12:58:02.726976+00:00,30.816106,75.867321,37.0,53.0
2025-04-21 09:22:03.358076+00:00,30.816106,75.867321,42.0,53.0
2025-04-19 11:21:42.898489+00:00,30.887211,75.789814,37.0,37.0
2025-04-21 09:20:07.013373+00:00,30.816106,75.867321,41.0,53.0
2025-04-21 11:36:02.549595+00:00,30.911972,75.853222,35.0,46.0
2025-04-19 11:21:42.888357+00:00,30.911972,75.853222,39.0,47.0
2025-04-21 09:20:07.023396+00:00,30.911972,75.853222,47.0,47.0
2025-04-21 09:16:03.636340+00:00,30.887211,75.789814,31.0,36.0
2025-04-19 16:24:04.537699+00:00,30.816106,75.867321,44.0,53.0
2025-04-21 11:58:02.722470+00:00,30.816106,75.867321,40.0,53.0
2025-04-19 15:14:04.543755+00:00,30.911972,75.853222,38.0,47.0
2025-04-21 09:00:02.650754+00:00,30.816106,75.867321,35.0,54.0
2025-04-21 12:52:02.792357+00:00,30.816106,75.867321,37.0,53.0
2025-04-21 11:50:02.387179+00:00,30.911972,75.853222,36.0,47.0
2025-04-19 10:53:55.281184+00:00,30.816106,75.867321,42.0,53.0
2025-04-19 16:26:02.930345+00:00,30.816106,75.867321,44.0,53.0
2025-04-21 10:34:02.844693+00:00,30.816106,75.867321,44.0,54.0
2025-04-21 10:34:02.833715+00:00,30.816106,75.867321,44.0,54.0
2025-04-19 11:55:02.372302+00:00,30.887211,75.789814,37.0,37.0
2025-04-19 18:30:02.516105+00:00,30.911972,75.853222,47.0,47.0
2025-04-21 12:24:02.666704+00:00,30.816106,75.867321,37.0,54.0
2025-04-19 11:10:14.436832+00:00,30.911972,75.853222,39.0,47.0
2025-04-19 17:12:05.354604+00:00,30.887211,75.789814,37.0,37.0
2025-04-21 12:28:02.606574+00:00,30.887211,75.789814,29.0,37.0
2025-04-19 15:56:03.028303+00:00,30.816106,75.867321,46.0,53.0
2025-04-19 17:04:03.024748+00:00,30.816106,75.867321,53.0,53.0
2025-04-21 08:28:02.655994+00:00,30.816106,75.867321,42.0,53.0
2025-04-21 08:36:02.703068+00:00,30.816106,75.867321,41.0,54.0
2025-04-19 13:32:04.156855+00:00,30.911972,75.853222,34.0,46.0
2025-04-19 18:16:03.816848+00:00,30.816106,75.867321,53.0,53.0
2025-04-21 11:10:03.729274+00:00,30.816106,75.867321,40.0,53.0
2025-04-19 14:02:02.353086+00:00,30.887211,75.789814,29.0,37.0
2025-04-21 11:58:02.744236+00:00,30.887211,75.789814,31.0,36.0
2025-04-19 16:30:05.000289+00:00,30.816106,75.867321,43.0,53.0
2025-04-19 16:12:03.111700+00:00,30.816106,75.867321,45.0,53.0
2025-04-19 18:00:03.157371+00:00,30.887211,75.789814,37.0,37.0
2025-04-21 09:52:03.015198+00:00,30.911972,75.853222,35.0,46.0
2025-04-19 18:12:03.630016+00:00,30.911972,75.853222,47.0,47.0
2025-04-19 16:08:03.006886+00:00,30.816106,75.867321,45.0,53.0
2025-04-21 08:58:02.718519+00:00,30.816106,75.867321,36.0,53.0
2025-04-19 16:14:02.994212+00:00,30.816106,75.867321,44.0,53.0
2025-04-19 13:56:02.828849+00:00,30.911972,75.853222,35.0,46.0
2025-04-19 16:26:02.950824+00:00,30.887211,75.789814,37.0,37.0
2025-04-19 16:18:03.144339+00:00,30.816106,75.867321,41.0,53.0
2025-04-19 11:49:23.678385+00:00,30.816106,75.867321,40.0,53.0
2025-04-19 18:18:07.279762+00:00,30.816106,75.867321,53.0,53.0
2025-04-21 12:56:03.428180+00:00,30.816106,75.867321,36.0,53.0
2025-04-21 11:24:04.263234+00:00,30.816106,75.867321,38.0,53.0
2025-04-21 08:20:02.578347+00:00,30.816106,75.867321,38.0,53.0
2025-04-19 18:02:02.979259+00:00,30.816106,75.867321,53.0,53.0
2025-04-19 13:36:04.483906+00:00,30.911972,75.853222,34.0,47.0
2025-04-21 08:26:02.448960+00:00,30.887211,75.789814,30.0,36.0
2025-04-19 16:48:03.168695+00:00,30.816106,75.867321,48.0,53.0
2025-04-19 18:02:03.014681+00:00,30.887211,75.789814,37.0,37.0
2025-04-19 13:35:05.558954+00:00,30.816106,75.867321,41.0,53.0
2025-04-19 14:58:03.098201+00:00,30.816106,75.867321,43.0,54.0
2025-04-21 09:40:03.670470+00:00,30.887211,75.789814,37.0,37.0
2025-04-21 12:02:02.284003+00:00,30.816106,75.867321,39.0,53.0
2025-04-19 13:15:04.594075+00:00,30.887211,75.789814,29.0,37.0
2025-04-19 14:00:02.359564+00:00,30.911972,75.853222,36.0,47.0
2025-04-21 10:56:03.145901+00:00,30.816106,75.867321,42.0,53.0
2025-04-19 17:22:03.471591+00:00,30.911972,75.853222,47.0,47.0
2025-04-19 17:30:03.630529+00:00,30.887211,75.789814,37.0,37.0
2025-04-21 08:56:03.543257+00:00,30.911972,75.853222,38.0,47.0
2025-04-19 17:38:02.947610+00:00,30.816106,75.867321,53.0,53.0
2025-04-21 10:48:02.748286+00:00,30.887211,75.789814,37.0,37.0
2025-04-21 10:58:03.015656+00:00,30.816106,75.867321,40.0,53.0
2025-04-21 11:48:02.558926+00:00,30.816106,75.867321,44.0,53.0
2025-04-19 14:06:02.540686+00:00,30.816106,75.867321,39.0,54.0
2025-04-19 16:34:03.379543+00:00,30.887211,75.789814,37.0,37.0
2025-04-21 10:54:03.223927+00:00,30.816106,75.867321,42.0,54.0
2025-04-19 10:51:25.884186+00:00,30.887211,75.789814,37.0,37.0
2025-04-19 17:00:03.203732+00:00,30.887211,75.789814,37.0,37.0
2025-04-19 14:26:03.476883+00:00,30.816106,75.867321,41.0,53.0
2025-04-21 09:06:02.506456+00:00,30.911972,75.853222,37.0,47.0
2025-04-21 12:12:02.562671+00:00,30.816106,75.867321,39.0,53.0
2025-04-21 08:01:48.606914+00:00,30.887211,75.789814,37.0,37.0
2025-04-19 14:14:02.552766+00:00,30.887211,75.789814,30.0,37.0
2025-04-21 09:44:03.393805+00:00,30.911972,75.853222,37.0,46.0
2025-04-19 15:04:04.269531+00:00,30.887211,75.789814,30.0,37.0
2025-04-19 16:10:02.719617+00:00,30.816106,75.867321,45.0,53.0
2025-04-21 11:34:02.626589+00:00,30.887211,75.789814,37.0,37.0
2025-04-21 11:56:02.302578+00:00,30.816106,75.867321,41.0,53.0
2025-04-19 18:10:05.294062+00:00,30.816106,75.867321,53.0,53.0
2025-04-19 11:49:28.634393+00:00,30.816106,75.867321,40.0,53.0
2025-04-19 16:24:04.531276+00:00,30.911972,75.853222,42.0,47.0
2025-04-19 14:26:03.469165+00:00,30.816106,75.867321,41.0,53.0
2025-04-19 18:14:03.893602+00:00,30.911972,75.853222,47.0,47.0
2025-04-19 17:52:04.113929+00:00,30.887211,75.789814,37.0,37.0
2025-04-19 15:16:02.905432+00:00,30.887211,75.789814,37.0,37.0
2025-04-19 16:10:02.749049+00:00,30.887211,75.789814,37.0,37.0
2025-04-21 12:56:03.443367+00:00,30.816106,75.867321,36.0,53.0
2025-04-21 12:36:04.030989+00:00,30.911972,75.853222,37.0,47.0
2025-04-21 09:30:02.984161+00:00,30.816106,75.867321,41.0,53.0
2025-04-19 17:08:03.176310+00:00,30.911972,75.853222,47.0,47.0
2025-04-19 18:14:03.919853+00:00,30.887211,75.789814,37.0,37.0
2025-04-21 08:50:03.899067+00:00,30.816106,75.867321,37.0,53.0
2025-04-21 11:24:04.269306+00:00,30.911972,75.853222,35.0,46.0
2025-04-19 15:32:03.004019+00:00,30.911972,75.853222,37.0,47.0
2025-04-19 14:52:02.951101+00:00,30.911972,75.853222,35.0,47.0
2025-04-19 15:52:03.020277+00:00,30.816106,75.867321,46.0,53.0
2025-04-19 18:40:02.430783+00:00,30.816106,75.867321,53.0,53.0
2025-04-19 13:50:03.171125+00:00,30.816106,75.867321,37.0,54.0
2025-04-21 12:28:02.585152+00:00,30.816106,75.867321,38.0,54.0
2025-04-21 12:34:03.263733+00:00,30.816106,75.867321,40.0,54.0
2025-04-19 16:08:03.016969+00:00,30.911972,75.853222,40.0,46.0
2025-04-19 13:00:02.844296+00:00,30.911972,75.853222,38.0,46.0
2025-04-21 11:40:04.097060+00:00,30.816106,75.867321,42.0,53.0
2025-04-21 08:28:02.665294+00:00,30.816106,75.867321,42.0,53.0
2025-04-21 09:16:03.632341+00:00,30.816106,75.867321,41.0,53.0
2025-04-21 09:30:03.011940+00:00,30.816106,75.867321,41.0,53.0
2025-04-19 18:34:02.480196+00:00,30.816106,75.867321,53.0,53.0
2025-04-19 15:10:02.985427+00:00,30.816106,75.867321,42.0,53.0
2025-04-19 15:44:03.056332+00:00,30.816106,75.867321,46.0,53.0
2025-04-19 13:10:03.219960+00:00,30.887211,75.789814,30.0,36.0
2025-04-19 11:50:02.352262+00:00,30.816106,75.867321,40.0,54.0
2025-04-19 15:16:02.893089+00:00,30.816106,75.867321,42.0,54.0
2025-04-19 13:34:03.072079+00:00,30.887211,75.789814,30.0,37.0
2025-04-21 10:58:03.026203+00:00,30.911972,75.853222,47.0,47.0
2025-04-19 18:14:03.880256+00:00,30.816106,75.867321,53.0,53.0
2025-04-19 14:36:05.090961+00:00,30.887211,75.789814,31.0,37.0
2025-04-19 14:52:02.957100+00:00,30.887211,75.789814,37.0,37.0
2025-04-21 11:50:02.381655+00:00,30.816106,75.867321,44.0,54.0
2025-04-21 12:18:02.438446+00:00,30.911972,75.853222,38.0,47.0
2025-04-19 13:38:04.491632+00:00,30.816106,75.867321,40.0,54.0
2025-04-21 08:56:03.517971+00:00,30.816106,75.867321,37.0,53.0
2025-04-19 14:48:02.640236+00:00,30.887211,75.789814,28.0,37.0
2025-04-19 18:22:07.106736+00:00,30.911972,75.853222,47.0,47.0
2025-04-19 13:48:02.933509+00:00,30.887211,75.789814,28.0,37.0
2025-04-21 11:38:03.562481+00:00,30.887211,75.789814,31.0,37.0
2025-04-21 12:30:03.403143+00:00,30.816106,75.867321,38.0,54.0
2025-04-21 11:36:02.555065+00:00,30.816106,75.867321,39.0,53.0
2025-04-19 12:17:09.811090+00:00,30.816106,75.867321,41.0,53.0
2025-04-19 18:12:03.633386+00:00,30.816106,75.867321,53.0,53.0
2025-04-19 12:50:03.704628+00:00,30.911972,75.853222,36.0,46.0
2025-04-19 15:24:03.362038+00:00,30.887211,75.789814,37.0,37.0
2025-04-19 17:40:04.153313+00:00,30.816106,75.867321,53.0,53.0
2025-04-21 08:06:02.617124+00:00,30.816106,75.867321,40.0,53.0
2025-04-19 14:40:03.616899+00:00,30.887211,75.789814,31.0,37.0
2025-04-21 12:36:04.037621+00:00,30.887211,75.789814,29.0,37.0
2025-04-19 14:08:02.392757+00:00,30.911972,75.853222,37.0,46.0
2025-04-19 16:56:03.024830+00:00,30.816106,75.867321,53.0,53.0
2025-04-19 13:10:03.215185+00:00,30.816106,75.867321,39.0,53.0
2025-04-19 14:20:03.501965+00:00,30.887211,75.789814,28.0,37.0
2025-04-21 09:58:03.950494+00:00,30.816106,75.867321,42.0,54.0
2025-04-19 13:42:03.413875+00:00,30.887211,75.789814,28.0,37.0
2025-04-21 09:18:06.121167+00:00,30.816106,75.867321,41.0,53.0
2025-04-19 17:04:03.029732+00:00,30.911972,75.853222,47.0,47.0
2025-04-19 14:16:02.948784+00:00,30.816106,75.867321,37.0,53.0
2025-04-19 13:26:16.338358+00:00,30.887211,75.789814,37.0,37.0
2025-04-19 18:32:02.474710+00:00,30.887211,75.789814,37.0,37.0
2025-04-19 16:00:05.402937+00:00,30.887211,75.789814,32.0,37.0
2025-04-19 16:14:03.006427+00:00,30.887211,75.789814,37.0,37.0
2025-04-21 12:10:02.927133+00:00,30.911972,75.853222,39.0,46.0
2025-04-19 18:08:06.826943+00:00,30.816106,75.867321,53.0,53.0
2025-04-19 11:00:04.334215+00:00,30.816106,75.867321,42.0,53.0
2025-04-21 10:56:03.156897+00:00,30.816106,75.867321,42.0,53.0
2025-04-19 12:25:04.422828+00:00,30.816106,75.867321,40.0,53.0
2025-04-19 12:25:04.417888+00:00,30.911972,75.853222,39.0,46.0
2025-04-19 17:02:03.024604+00:00,30.816106,75.867321,53.0,53.0
2025-04-19 13:52:03.473193+00:00,30.887211,75.789814,29.0,37.0
2025-04-19 16:26:02.939167+00:00,30.911972,75.853222,42.0,47.0
2025-04-21 11:30:02.693221+00:00,30.887211,75.789814,37.0,37.0
2025-04-19 14:14:02.549332+00:00,30.816106,75.867321,36.0,53.0
2025-04-21 10:14:03.858759+00:00,30.816106,75.867321,40.0,54.0
2025-04-21 08:42:02.480131+00:00,30.887211,75.789814,31.0,37.0
2025-04-21 08:28:02.659991+00:00,30.911972,75.853222,41.0,46.0
2025-04-19 15:02:03.022472+00:00,30.816106,75.867321,44.0,54.0
2025-04-21 10:22:03.900403+00:00,30.911972,75.853222,47.0,47.0
2025-04-21 11:36:02.542415+00:00,30.816106,75.867321,39.0,53.0
2025-04-19 16:48:03.174630+00:00,30.887211,75.789814,37.0,37.0
2025-04-19 15:14:04.553288+00:00,30.816106,75.867321,40.0,53.0
2025-04-21 11:10:03.742691+00:00,30.816106,75.867321,40.0,53.0
2025-04-19 17:26:04.281895+00:00,30.911972,75.853222,47.0,47.0
2025-04-21 09:26:03.470655+00:00,30.816106,75.867321,41.0,53.0
2025-04-21 12:44:03.961675+00:00,30.816106,75.867321,38.0,53.0
2025-04-19 17:14:02.896511+00:00,30.911972,75.853222,47.0,47.0
2025-04-21 08:01:52.019891+00:00,30.911972,75.853222,38.0,47.0
2025-04-19 16:00:05.397936+00:00,30.816106,75.867321,46.0,53.0
2025-04-19 13:15:04.589073+00:00,30.816106,75.867321,37.0,53.0
2025-04-19 16:36:03.405223+00:00,30.911972,75.853222,47.0,47.0
2025-04-21 11:52:02.450199+00:00,30.816106,75.867321,42.0,53.0
2025-04-19 13:54:04.176442+00:00,30.911972,75.853222,35.0,46.0
2025-04-21 10:54:03.229841+00:00,30.887211,75.789814,37.0,37.0
2025-04-19 18:16:03.827887+00:00,30.887211,75.789814,37.0,37.0
2025-04-19 17:54:04.574898+00:00,30.911972,75.853222,47.0,47.0
2025-04-19 16:40:05.453786+00:00,30.816106,75.867321,42.0,53.0
2025-04-21 12:50:03.007815+00:00,30.911972,75.853222,37.0,47.0
2025-04-21 10:28:04.380371+00:00,30.816106,75.867321,44.0,54.0
2025-04-19 16:20:03.061322+00:00,30.816106,75.867321,41.0,54.0
2025-04-21 08:38:02.733940+00:00,30.816106,75.867321,40.0,53.0
2025-04-19 17:18:03.153204+00:00,30.887211,75.789814,37.0,37.0
2025-04-21 08:52:02.836365+00:00,30.816106,75.867321,36.0,53.0
2025-04-21 08:24:02.592109+00:00,30.816106,75.867321,42.0,54.0
2025-04-21 11:32:02.405643+00:00,30.816106,75.867321,40.0,54.0
2025-04-21 10:22:03.904753+00:00,30.816106,75.867321,40.0,53.0
2025-04-21 11:40:04.111379+00:00,30.816106,75.867321,42.0,53.0
2025-04-19 17:12:05.332616+00:00,30.911972,75.853222,47.0,47.0
2025-04-19 13:44:03.021268+00:00,30.911972,75.853222,34.0,47.0
2025-04-19 15:42:02.850040+00:00,30.816106,75.867321,48.0,53.0
2025-04-21 09:36:02.954424+00:00,30.816106,75.867321,40.0,53.0
2025-04-19 15:26:03.460840+00:00,30.816106,75.867321,42.0,54.0
2025-04-21 10:04:02.692350+00:00,30.911972,75.853222,35.0,46.0
2025-04-19 15:00:04.231855+00:00,30.816106,75.867321,44.0,54.0
2025-04-19 17:54:04.560693+00:00,30.816106,75.867321,53.0,53.0
2025-04-19 14:24:02.573119+00:00,30.816106,75.867321,40.0,53.0
2025-04-21 11:30:02.688215+00:00,30.816106,75.867321,38.0,53.0
2025-04-19 11:10:14.448849+00:00,30.887211,75.789814,37.0,37.0
2025-04-19 14:34:02.394742+00:00,30.911972,75.853222,32.0,47.0
2025-04-21 11:34:02.621436+00:00,30.816106,75.867321,40.0,53.0
2025-04-19 16:40:05.499164+00:00,30.887211,75.789814,37.0,37.0
2025-04-21 11:58:02.741227+00:00,30.816106,75.867321,40.0,53.0
2025-04-19 15:46:02.679293+00:00,30.911972,75.853222,40.0,47.0
2025-04-19 17:32:03.528544+00:00,30.887211,75.789814,37.0,37.0
2025-04-19 16:00:05.385951+00:00,30.816106,75.867321,46.0,53.0
2025-04-19 11:49:23.686792+00:00,30.887211,75.789814,37.0,37.0
2025-04-19 13:34:03.052580+00:00,30.816106,75.867321,42.0,54.0
2025-04-19 13:36:04.515802+00:00,30.887211,75.789814,29.0,36.0
2025-04-19 11:49:26.225055+00:00,30.911972,75.853222,40.0,47.0
2025-04-19 14:50:05.725051+00:00,30.887211,75.789814,29.0,36.0
2025-04-19 17:46:03.813562+00:00,30.887211,75.789814,37.0,37.0
2025-04-19 13:50:03.160818+00:00,30.911972,75.853222,35.0,47.0
2025-04-19 15:48:02.895348+00:00,30.816106,75.867321,47.0,53.0
2025-04-19 15:34:02.826012+00:00,30.887211,75.789814,31.0,37.0
2025-04-19 18:34:02.470494+00:00,30.816106,75.867321,53.0,53.0
2025-04-19 16:38:04.623739+00:00,30.816106,75.867321,42.0,53.0
2025-04-21 08:08:02.553264+00:00,30.816106,75.867321,40.0,53.0
2025-04-21 12:34:03.315985+00:00,30.887211,75.789814,29.0,36.0
2025-04-21 11:04:02.877984+00:00,30.887211,75.789814,37.0,37.0
2025-04-21 11:00:03.775724+00:00,30.816106,75.867321,39.0,54.0
2025-04-19 17:00:03.195400+00:00,30.911972,75.853222,47.0,47.0
2025-04-19 14:46:02.807750+00:00,30.816106,75.867321,41.0,53.0
2025-04-19 14:22:03.703614+00:00,30.816106,75.867321,39.0,53.0
2025-04-19 15:38:09.383157+00:00,30.887211,75.789814,37.0,37.0
2025-04-21 10:18:03.043487+00:00,30.816106,75.867321,40.0,54.0
2025-04-21 09:48:03.088689+00:00,30.816106,75.867321,41.0,54.0
2025-04-19 17:36:03.367411+00:00,30.887211,75.789814,37.0,37.0
2025-04-19 13:10:03.207268+00:00,30.816106,75.867321,39.0,53.0
2025-04-21 09:12:02.583675+00:00,30.816106,75.867321,43.0,53.0
2025-04-21 09:50:02.923628+00:00,30.911972,75.853222,35.0,47.0
2025-04-19 14:50:05.715052+00:00,30.911972,75.853222,35.0,47.0
2025-04-21 09:36:02.948977+00:00,30.911972,75.853222,40.0,47.0
2025-04-21 09:10:02.725206+00:00,30.911972,75.853222,38.0,47.0
2025-04-21 10:50:02.426251+00:00,30.911972,75.853222,47.0,47.0
2025-04-19 17:42:02.870350+00:00,30.911972,75.853222,47.0,47.0
2025-04-19 11:00:50.604065+00:00,30.911972,75.853222,47.0,47.0
2025-04-19 12:40:11.145874+00:00,30.887211,75.789814,31.0,37.0
2025-04-19 16:52:03.199909+00:00,30.816106,75.867321,47.0,53.0
2025-04-19 14:20:03.487956+00:00,30.816106,75.867321,38.0,53.0
2025-04-19 16:44:02.968096+00:00,30.911972,75.853222,47.0,47.0
2025-04-19 18:42:02.685576+00:00,30.911972,75.853222,47.0,47.0
2025-04-21 11:26:02.689014+00:00,30.911972,75.853222,36.0,46.0
2025-04-21 09:54:03.217029+00:00,30.816106,75.867321,42.0,53.0
2025-04-19 16:12:03.106694+00:00,30.816106,75.867321,45.0,53.0
2025-04-21 09:24:03.361232+00:00,30.911972,75.853222,47.0,47.0
2025-04-19 17:24:04.473591+00:00,30.816106,75.867321,53.0,53.0
2025-04-19 13:40:05.845880+00:00,30.887211,75.789814,29.0,36.0
2025-04-19 17:44:03.076270+00:00,30.911972,75.853222,47.0,47.0
2025-04-19 16:22:04.719660+00:00,30.911972,75.853222,42.0,47.0
2025-04-19 16:12:03.109694+00:00,30.911972,75.853222,41.0,46.0
2025-04-19 15:12:19.990488+00:00,30.887211,75.789814,37.0,37.0
2025-04-21 12:54:03.355010+00:00,30.816106,75.867321,37.0,53.0
2025-04-21 08:50:03.910077+00:00,30.816106,75.867321,37.0,53.0
2025-04-19 16:56:03.015533+00:00,30.911972,75.853222,47.0,47.0
2025-04-21 11:18:03.475548+00:00,30.911972,75.853222,38.0,47.0
2025-04-21 10:32:02.964245+00:00,30.887211,75.789814,37.0,37.0
2025-04-21 08:52:02.840372+00:00,30.887211,75.789814,31.0,37.0
2025-04-19 15:10:03.015390+00:00,30.887211,75.789814,37.0,37.0
2025-04-19 15:38:09.371157+00:00,30.911972,75.853222,37.0,47.0
2025-04-21 11:38:03.556475+00:00,30.911972,75.853222,35.0,47.0
2025-04-19 14:28:02.397219+00:00,30.816106,75.867321,41.0,54.0
2025-04-19 14:14:02.541256+00:00,30.816106,75.867321,36.0,53.0
2025-04-19 14:52:02.954777+00:00,30.816106,75.867321,41.0,53.0
2025-04-19 17:38:02.938088+00:00,30.911972,75.853222,47.0,47.0
2025-04-21 09:38:03.561133+00:00,30.816106,75.867321,41.0,54.0
2025-04-21 11:10:03.736266+00:00,30.911972,75.853222,40.0,47.0
2025-04-19 11:49:57.858438+00:00,30.911972,75.853222,40.0,47.0
2025-04-19 15:14:04.532773+00:00,30.816106,75.867321,40.0,53.0
2025-04-21 10:16:03.030119+00:00,30.816106,75.867321,39.0,53.0
2025-04-19 14:32:02.356465+00:00,30.816106,75.867321,41.0,54.0
2025-04-19 13:32:04.152862+00:00,30.816106,75.867321,43.0,53.0
2025-04-19 18:40:02.426945+00:00,30.911972,75.853222,47.0,47.0
2025-04-21 09:58:03.956615+00:00,30.911972,75.853222,35.0,46.0
2025-04-19 17:20:04.056385+00:00,30.816106,75.867321,53.0,53.0
2025-04-21 08:44:02.654407+00:00,30.816106,75.867321,39.0,54.0
2025-04-19 17:12:05.315638+00:00,30.816106,75.867321,53.0,53.0
2025-04-19 17:30:03.608466+00:00,30.911972,75.853222,47.0,47.0
2025-04-19 18:02:02.991190+00:00,30.911972,75.853222,47.0,47.0
2025-04-19 15:08:04.391004+00:00,30.911972,75.853222,37.0,47.0
2025-04-21 11:02:03.074933+00:00,30.816106,75.867321,38.0,53.0
2025-04-19 11:49:30.832023+00:00,30.816106,75.867321,40.0,53.0
2025-04-21 08:42:02.464515+00:00,30.816106,75.867321,40.0,54.0
2025-04-21 08:46:02.978442+00:00,30.887211,75.789814,31.0,37.0
2025-04-19 14:50:05.719986+00:00,30.816106,75.867321,41.0,53.0
2025-04-21 12:10:02.933134+00:00,30.887211,75.789814,29.0,36.0
2025-04-19 16:38:04.649353+00:00,30.887211,75.789814,37.0,37.0
2025-04-21 09:34:03.609851+00:00,30.816106,75.867321,41.0,54.0
2025-04-21 09:08:02.578259+00:00,30.816106,75.867321,42.0,54.0
2025-04-21 08:44:02.660988+00:00,30.887211,75.789814,31.0,37.0
2025-04-19 11:49:57.865970+00:00,30.887211,75.789814,37.0,37.0
2025-04-21 10:44:03.452343+00:00,30.816106,75.867321,44.0,53.0
2025-04-21 12:58:02.741504+00:00,30.887211,75.789814,29.0,37.0
2025-04-19 16:30:05.011261+00:00,30.911972,75.853222,47.0,47.0
2025-04-19 13:38:04.494014+00:00,30.887211,75.789814,29.0,37.0
2025-04-19 13:20:02.992880+00:00,30.911972,75.853222,35.0,47.0
2025-04-19 14:10:04.015765+00:00,30.911972,75.853222,38.0,47.0
2025-04-19 13:30:04.144628+00:00,30.911972,75.853222,34.0,46.0
2025-04-21 11:40:04.105215+00:00,30.911972,75.853222,35.0,47.0
2025-04-19 14:00:02.355568+00:00,30.816106,75.867321,39.0,54.0
2025-04-21 08:40:02.622799+00:00,30.816106,75.867321,40.0,53.0
2025-04-21 09:14:02.690827+00:00,30.816106,75.867321,42.0,53.0
2025-04-19 14:32:02.363519+00:00,30.816106,75.867321,41.0,54.0
2025-04-21 09:46:02.996744+00:00,30.816106,75.867321,40.0,53.0
2025-04-19 16:06:03.171765+00:00,30.816106,75.867321,45.0,53.0
2025-04-19 17:04:03.034775+00:00,30.816106,75.867321,53.0,53.0
2025-04-19 13:30:04.148624+00:00,30.816106,75.867321,43.0,53.0
2025-04-21 10:52:02.807074+00:00,30.911972,75.853222,47.0,47.0
2025-04-21 11:00:03.796336+00:00,30.816106,75.867321,39.0,54.0
2025-04-21 08:26:02.440958+00:00,30.911972,75.853222,41.0,46.0
2025-04-19 18:42:02.688725+00:00,30.816106,75.867321,53.0,53.0
2025-04-21 10:24:03.246664+00:00,30.887211,75.789814,37.0,37.0
2025-04-19 15:58:03.338678+00:00,30.887211,75.789814,31.0,37.0
2025-04-21 11:22:02.588695+00:00,30.911972,75.853222,36.0,47.0
2025-04-19 11:49:22.832375+00:00,30.887211,75.789814,37.0,37.0
2025-04-21 12:22:02.369088+00:00,30.816106,75.867321,37.0,54.0
2025-04-21 11:20:03.518065+00:00,30.816106,75.867321,38.0,53.0
2025-04-21 08:22:02.810345+00:00,30.911972,75.853222,40.0,46.0
2025-04-19 13:35:05.565242+00:00,30.911972,75.853222,33.0,47.0
2025-04-21 11:46:02.454897+00:00,30.887211,75.789814,37.0,37.0
2025-04-21 09:54:03.210521+00:00,30.911972,75.853222,36.0,47.0
2025-04-19 14:40:03.601798+00:00,30.816106,75.867321,41.0,54.0
2025-04-19 14:06:02.551692+00:00,30.887211,75.789814,30.0,37.0
2025-04-19 15:30:04.524791+00:00,30.816106,75.867321,42.0,54.0
2025-04-21 12:06:02.411210+00:00,30.887211,75.789814,31.0,37.0
2025-04-21 12:46:02.547683+00:00,30.887211,75.789814,30.0,36.0
2025-04-21 10:46:03.478033+00:00,30.887211,75.789814,37.0,37.0
2025-04-21 09:04:02.513904+00:00,30.816106,75.867321,39.0,54.0
2025-04-19 17:24:04.467591+00:00,30.911972,75.853222,47.0,47.0
2025-04-19 15:06:03.185363+00:00,30.887211,75.789814,28.0,36.0
2025-04-19 17:28:04.812834+00:00,30.816106,75.867321,53.0,53.0
2025-04-19 13:56:02.836435+00:00,30.887211,75.789814,31.0,36.0
2025-04-21 08:18:02.365271+00:00,30.816106,75.867321,39.0,53.0
2025-04-19 18:18:07.321494+00:00,30.887211,75.789814,37.0,37.0
2025-04-21 10:04:02.698704+00:00,30.816106,75.867321,42.0,54.0
2025-04-19 16:46:03.170709+00:00,30.887211,75.789814,37.0,37.0
2025-04-19 14:50:05.701267+00:00,30.816106,75.867321,41.0,53.0
2025-04-19 13:30:09.168669+00:00,30.816106,75.867321,43.0,53.0
2025-04-19 10:51:25.863730+00:00,30.816106,75.867321,44.0,53.0
2025-04-21 08:26:02.446347+00:00,30.816106,75.867321,42.0,54.0
2025-04-21 10:10:02.914261+00:00,30.887211,75.789814,37.0,37.0
2025-04-21 08:36:02.706379+00:00,30.887211,75.789814,29.0,37.0
2025-04-21 11:22:02.592446+00:00,30.816106,75.867321,38.0,53.0
2025-04-21 10:16:03.018696+00:00,30.816106,75.867321,39.0,53.0
2025-04-19 18:26:04.444988+00:00,30.911972,75.853222,47.0,47.0
2025-04-19 16:20:03.066759+00:00,30.887211,75.789814,37.0,37.0
2025-04-21 11:06:08.309841+00:00,30.816106,75.867321,38.0,54.0
2025-04-21 11:40:04.117378+00:00,30.887211,75.789814,32.0,37.0
2025-04-21 09:06:02.516833+00:00,30.887211,75.789814,32.0,37.0
2025-04-21 11:44:02.524515+00:00,30.911972,75.853222,37.0,47.0
2025-04-19 11:49:26.219051+00:00,30.816106,75.867321,40.0,53.0
2025-04-19 14:10:04.019128+00:00,30.816106,75.867321,37.0,53.0
2025-04-19 12:20:02.522665+00:00,30.816106,75.867321,42.0,54.0
2025-04-21 12:08:02.408382+00:00,30.887211,75.789814,30.0,37.0
2025-04-21 09:18:06.092728+00:00,30.816106,75.867321,41.0,53.0
2025-04-21 10:28:04.387079+00:00,30.887211,75.789814,37.0,37.0
2025-04-19 11:55:02.361464+00:00,30.816106,75.867321,41.0,54.0
2025-04-19 15:14:04.561542+00:00,30.887211,75.789814,37.0,37.0
2025-04-19 16:02:03.309873+00:00,30.816106,75.867321,46.0,54.0
2025-04-19 17:36:03.345889+00:00,30.911972,75.853222,47.0,47.0
2025-04-19 10:53:55.290264+00:00,30.816106,75.867321,42.0,53.0
2025-04-21 09:52:03.027196+00:00,30.887211,75.789814,37.0,37.0
2025-04-21 10:48:02.734326+00:00,30.816106,75.867321,43.0,53.0
2025-04-19 15:32:03.015044+00:00,30.816106,75.867321,43.0,53.0
2025-04-19 16:22:04.729016+00:00,30.816106,75.867321,43.0,53.0
2025-04-19 10:55:04.102866+00:00,30.887211,75.789814,37.0,37.0
2025-04-19 13:32:04.167860+00:00,30.887211,75.789814,30.0,37.0
2025-04-19 15:54:02.804732+00:00,30.816106,75.867321,46.0,53.0
2025-04-19 16:54:02.752883+00:00,30.911972,75.853222,47.0,47.0
2025-04-19 13:05:08.304427+00:00,30.816106,75.867321,40.0,53.0
2025-04-21 09:06:02.512098+00:00,30.816106,75.867321,41.0,54.0
2025-04-19 17:18:03.117129+00:00,30.816106,75.867321,53.0,53.0
2025-04-19 16:28:03.016041+00:00,30.816106,75.867321,43.0,53.0
2025-04-19 14:34:02.399748+00:00,30.816106,75.867321,42.0,54.0
2025-04-19 16:06:03.189476+00:00,30.887211,75.789814,37.0,37.0
2025-04-21 08:12:02.548283+00:00,30.816106,75.867321,39.0,54.0
2025-04-21 09:16:03.627996+00:00,30.911972,75.853222,39.0,47.0
2025-04-21 08:40:02.639964+00:00,30.816106,75.867321,40.0,53.0
2025-04-21 12:38:05.313361+00:00,30.816106,75.867321,39.0,53.0
2025-04-19 18:38:02.471179+00:00,30.887211,75.789814,37.0,37.0
2025-04-19 18:26:04.459974+00:00,30.887211,75.789814,37.0,37.0
2025-04-19 15:46:02.689262+00:00,30.816106,75.867321,46.0,53.0
2025-04-21 12:36:04.025173+00:00,30.816106,75.867321,39.0,53.0
2025-04-21 11:12:04.911235+00:00,30.816106,75.867321,40.0,53.0
2025-04-21 08:46:02.966548+00:00,30.816106,75.867321,39.0,54.0
2025-04-21 09:38:03.543407+00:00,30.816106,75.867321,41.0,54.0
2025-04-19 13:40:05.831300+00:00,30.816106,75.867321,39.0,54.0
2025-04-21 08:18:02.377990+00:00,30.887211,75.789814,32.0,36.0
2025-04-21 12:40:02.728568+00:00,30.911972,75.853222,37.0,47.0
2025-04-19 14:42:02.830148+00:00,30.911972,75.853222,34.0,47.0
2025-04-19 18:18:07.297517+00:00,30.911972,75.853222,47.0,47.0
2025-04-21 09:18:06.131618+00:00,30.887211,75.789814,31.0,37.0
2025-04-21 11:32:02.400120+00:00,30.911972,75.853222,36.0,47.0
2025-04-21 11:38:03.560468+00:00,30.816106,75.867321,41.0,53.0
2025-04-21 11:58:02.735359+00:00,30.911972,75.853222,36.0,47.0
2025-04-21 09:02:02.432972+00:00,30.887211,75.789814,37.0,37.0
2025-04-21 08:14:02.499222+00:00,30.911972,75.853222,39.0,47.0
2025-04-19 15:02:03.017274+00:00,30.911972,75.853222,36.0,46.0
2025-04-19 17:52:04.079707+00:00,30.816106,75.867321,53.0,53.0
2025-04-21 12:18:02.434447+00:00,30.816106,75.867321,38.0,54.0
2025-04-21 11:44:02.518774+00:00,30.816106,75.867321,42.0,53.0
2025-04-19 13:48:02.926692+00:00,30.816106,75.867321,36.0,53.0
2025-04-21 09:08:02.585079+00:00,30.911972,75.853222,37.0,47.0
2025-04-21 10:30:02.728482+00:00,30.816106,75.867321,44.0,53.0
2025-04-21 12:28:02.601304+00:00,30.816106,75.867321,38.0,54.0
2025-04-21 09:56:03.540392+00:00,30.911972,75.853222,35.0,46.0
2025-04-19 18:28:02.658722+00:00,30.911972,75.853222,47.0,47.0
2025-04-19 11:49:26.231529+00:00,30.816106,75.867321,40.0,53.0
2025-04-19 13:20:03.006590+00:00,30.816106,75.867321,39.0,53.0
2025-04-19 14:16:02.955155+00:00,30.911972,75.853222,35.0,47.0
2025-04-19 14:26:03.473882+00:00,30.911972,75.853222,32.0,46.0
2025-04-21 10:54:03.218688+00:00,30.911972,75.853222,47.0,47.0
2025-04-21 12:24:02.671704+00:00,30.887211,75.789814,30.0,36.0
2025-04-21 09:02:02.424122+00:00,30.911972,75.853222,38.0,47.0
2025-04-21 08:46:02.973931+00:00,30.816106,75.867321,39.0,54.0
2025-04-19 14:22:03.709301+00:00,30.911972,75.853222,32.0,46.0
2025-04-19 16:54:02.761187+00:00,30.887211,75.789814,37.0,37.0
2025-04-19 17:42:02.858337+00:00,30.816106,75.867321,53.0,53.0
2025-04-21 09:24:03.368233+00:00,30.816106,75.867321,42.0,53.0
2025-04-19 16:30:05.023410+00:00,30.887211,75.789814,32.0,36.0
2025-04-19 15:20:04.552876+00:00,30.816106,75.867321,42.0,54.0
2025-04-21 12:42:03.766051+00:00,30.911972,75.853222,38.0,47.0
2025-04-21 08:34:02.445678+00:00,30.911972,75.853222,41.0,47.0
2025-04-19 18:34:02.475984+00:00,30.911972,75.853222,47.0,47.0
2025-04-21 12:48:02.988285+00:00,30.816106,75.867321,39.0,54.0
2025-04-19 15:36:04.346466+00:00,30.816106,75.867321,44.0,53.0
2025-04-19 17:00:03.191567+00:00,30.816106,75.867321,53.0,53.0
2025-04-19 11:49:57.852248+00:00,30.816106,75.867321,40.0,54.0
2025-04-19 17:48:04.304541+00:00,30.911972,75.853222,47.0,47.0
2025-04-19 14:48:02.635188+00:00,30.816106,75.867321,42.0,54.0
2025-04-21 10:52:02.816075+00:00,30.887211,75.789814,37.0,37.0
2025-04-19 16:30:05.016985+00:00,30.816106,75.867321,43.0,53.0
2025-04-19 14:30:02.538081+00:00,30.911972,75.853222,32.0,47.0
2025-04-21 08:48:03.690001+00:00,30.816106,75.867321,38.0,54.0
2025-04-19 14:16:02.960658+00:00,30.816106,75.867321,37.0,53.0
2025-04-19 16:18:03.116526+00:00,30.816106,75.867321,41.0,53.0
2025-04-19 17:50:04.825470+00:00,30.816106,75.867321,53.0,53.0
2025-04-19 14:44:05.355872+00:00,30.816106,75.867321,42.0,53.0
2025-04-19 13:42:03.400527+00:00,30.911972,75.853222,33.0,46.0
2025-04-19 13:30:04.140133+00:00,30.816106,75.867321,43.0,53.0
2025-04-19 18:16:03.805791+00:00,30.911972,75.853222,47.0,47.0
2025-04-21 10:46:03.474728+00:00,30.816106,75.867321,43.0,54.0
2025-04-21 11:44:02.532387+00:00,30.887211,75.789814,31.0,37.0
2025-04-19 15:30:04.534966+00:00,30.911972,75.853222,36.0,47.0
2025-04-21 12:24:02.640774+00:00,30.816106,75.867321,37.0,54.0
2025-04-19 15:50:02.721216+00:00,30.816106,75.867321,47.0,53.0
2025-04-19 14:46:02.812873+00:00,30.911972,75.853222,35.0,47.0
2025-04-21 09:28:03.284839+00:00,30.816106,75.867321,40.0,53.0
2025-04-19 15:52:03.014458+00:00,30.911972,75.853222,40.0,47.0
2025-04-21 08:16:02.747221+00:00,30.887211,75.789814,37.0,37.0
2025-04-19 15:18:05.390201+00:00,30.887211,75.789814,37.0,37.0
2025-04-21 09:08:02.591588+00:00,30.887211,75.789814,37.0,37.0
2025-04-21 11:18:03.489972+00:00,30.887211,75.789814,37.0,37.0
2025-04-21 12:52:02.782442+00:00,30.816106,75.867321,37.0,53.0
2025-04-19 18:42:02.681013+00:00,30.816106,75.867321,53.0,53.0
2025-04-19 14:28:02.388194+00:00,30.816106,75.867321,41.0,54.0
2025-04-21 12:46:02.540284+00:00,30.816106,75.867321,38.0,54.0
2025-04-21 10:08:02.674504+00:00,30.816106,75.867321,42.0,53.0
2025-04-19 14:04:02.440933+00:00,30.816106,75.867321,39.0,53.0
2025-04-21 10:32:02.958250+00:00,30.816106,75.867321,44.0,54.0
2025-04-19 16:58:04.100718+00:00,30.816106,75.867321,53.0,53.0
2025-04-19 12:17:09.824278+00:00,30.816106,75.867321,41.0,53.0
2025-04-19 14:24:02.582591+00:00,30.816106,75.867321,40.0,53.0
2025-04-19 13:10:03.211627+00:00,30.911972,75.853222,37.0,47.0
2025-04-19 15:44:03.062860+00:00,30.887211,75.789814,27.0,37.0
2025-04-21 08:38:02.738937+00:00,30.887211,75.789814,30.0,36.0
2025-04-21 09:48:03.101740+00:00,30.911972,75.853222,35.0,47.0
2025-04-19 15:06:03.157737+00:00,30.816106,75.867321,44.0,54.0
2025-04-19 17:08:03.189843+00:00,30.887211,75.789814,37.0,37.0
2025-04-21 09:20:07.029401+00:00,30.816106,75.867321,41.0,53.0
2025-04-21 12:22:02.375875+00:00,30.816106,75.867321,37.0,54.0
2025-04-19 13:46:03.270763+00:00,30.816106,75.867321,37.0,54.0
2025-04-19 14:38:03.179348+00:00,30.816106,75.867321,41.0,54.0
2025-04-19 16:16:03.969982+00:00,30.816106,75.867321,43.0,53.0
2025-04-21 10:28:04.358350+00:00,30.816106,75.867321,44.0,54.0
2025-04-19 14:46:02.821022+00:00,30.887211,75.789814,27.0,36.0
2025-04-21 08:22:02.804564+00:00,30.816106,75.867321,40.0,53.0
2025-04-21 10:26:04.054582+00:00,30.887211,75.789814,37.0,37.0
2025-04-21 09:12:02.596305+00:00,30.887211,75.789814,37.0,37.0
2025-04-21 10:28:04.373886+00:00,30.911972,75.853222,47.0,47.0
2025-04-19 11:49:22.828995+00:00,30.816106,75.867321,40.0,53.0
2025-04-19 15:58:03.283763+00:00,30.816106,75.867321,46.0,53.0
2025-04-19 18:14:03.907671+00:00,30.816106,75.867321,53.0,53.0
2025-04-19 15:52:03.026275+00:00,30.887211,75.789814,30.0,37.0
2025-04-19 14:36:05.072419+00:00,30.816106,75.867321,41.0,53.0
2025-04-21 08:32:02.614223+00:00,30.816106,75.867321,42.0,53.0
2025-04-19 17:04:03.038750+00:00,30.887211,75.789814,37.0,37.0
2025-04-21 08:01:52.024891+00:00,30.816106,75.867321,39.0,53.0
2025-04-21 12:44:03.968679+00:00,30.816106,75.867321,38.0,53.0
2025-04-19 17:16:04.888796+00:00,30.887211,75.789814,37.0,37.0
2025-04-19 13:50:03.146995+00:00,30.816106,75.867321,37.0,54.0
2025-04-19 15:40:02.729834+00:00,30.911972,75.853222,38.0,47.0
2025-04-21 09:52:03.007191+00:00,30.816106,75.867321,41.0,53.0
2025-04-19 16:52:03.176089+00:00,30.816106,75.867321,47.0,53.0
2025-04-21 12:20:02.282485+00:00,30.887211,75.789814,31.0,37.0
2025-04-19 17:56:04.802156+00:00,30.816106,75.867321,53.0,53.0
2025-04-21 11:38:03.551653+00:00,30.816106,75.867321,41.0,53.0
2025-04-21 09:28:03.292112+00:00,30.887211,75.789814,37.0,37.0
2025-04-19 13:28:03.933620+00:00,30.911972,75.853222,34.0,47.0
2025-04-21 11:52:02.444656+00:00,30.911972,75.853222,36.0,46.0
2025-04-21 08:50:03.906068+00:00,30.911972,75.853222,38.0,47.0
2025-04-21 11:48:02.572925+00:00,30.887211,75.789814,37.0,37.0
2025-04-21 11:06:08.321951+00:00,30.887211,75.789814,37.0,37.0
2025-04-19 13:54:04.181185+00:00,30.816106,75.867321,38.0,54.0
2025-04-19 18:04:04.811474+00:00,30.911972,75.853222,47.0,47.0
2025-04-19 11:10:14.442854+00:00,30.816106,75.867321,39.0,53.0
2025-04-19 17:18:03.143732+00:00,30.816106,75.867321,53.0,53.0
2025-04-21 11:10:03.747776+00:00,30.887211,75.789814,37.0,37.0
2025-04-19 18:00:03.147167+00:00,30.911972,75.853222,47.0,47.0
2025-04-21 09:42:07.460126+00:00,30.911972,75.853222,38.0,46.0
2025-04-21 12:44:03.965680+00:00,30.911972,75.853222,37.0,47.0
2025-04-19 13:26:16.333361+00:00,30.816106,75.867321,43.0,54.0
2025-04-19 14:54:03.893427+00:00,30.816106,75.867321,42.0,53.0
2025-04-19 14:02:02.341169+00:00,30.816106,75.867321,39.0,54.0
2025-04-19 18:04:04.820723+00:00,30.887211,75.789814,37.0,37.0
2025-04-21 08:10:02.424568+00:00,30.911972,75.853222,39.0,47.0
2025-04-19 14:48:02.623299+00:00,30.816106,75.867321,42.0,54.0
2025-04-19 14:34:02.385444+00:00,30.816106,75.867321,42.0,54.0
2025-04-19 16:22:04.704788+00:00,30.816106,75.867321,43.0,53.0
2025-04-21 12:08:02.404081+00:00,30.816106,75.867321,40.0,53.0
2025-04-19 16:32:02.763591+00:00,30.887211,75.789814,37.0,37.0
2025-04-19 16:02:03.322082+00:00,30.887211,75.789814,30.0,37.0
2025-04-21 08:18:02.374542+00:00,30.816106,75.867321,39.0,53.0
2025-04-19 17:16:04.854496+00:00,30.816106,75.867321,53.0,53.0
2025-04-19 13:15:04.574604+00:00,30.816106,75.867321,37.0,53.0
